@type	tech	fichier
costume	des habitz qui estoient extraordinaires	merveilles17_arc_acflagrange_001
construction	theatre	merveilles17_arc_anmcrs388_001
construction	theatre	merveilles17_arc_anmcrs388_001
construction	pont de derriere	merveilles17_arc_anmcrs388_001
construction	deux de devant	merveilles17_arc_anmcrs388_001
décor	quatre rochers	merveilles17_arc_anmcrs388_001
construction	pont de derriere	merveilles17_arc_anmcrs388_001
construction	ponts de devant	merveilles17_arc_anmcrs388_001
décor	petits rochers	merveilles17_arc_anmcrs388_001
éclairage	cires blanches et jaulne	merveilles17_arc_ano12984_001
feu_d_artifice	feux d’artifices	merveilles17_arc_ano12984_001
feu_d_artifice	les feux d’artifices	merveilles17_arc_ano12984_001
machine	machines	merveilles17_arc_ano12984_001
feu_d_artifice	feu d’artifice	merveilles17_arc_ano12984_001
feu_d_artifice	vn feu d’artifice	merveilles17_arc_ano12984_001
musique	d’airs muscicaux	merveilles17_arc_bavmscheii38
machine_musicale	une machine	merveilles17_arc_bavmscheii38
musique	la contrebasse, de la viole, du violon et de la trompette et du tambourin	merveilles17_arc_bavmscheii38
machine_musicale	La machine	merveilles17_arc_bavmscheii38
machine	de machines	merveilles17_arc_bnfmsfr6143
éclairage	quatre flambeaux de poing	merveilles17_arc_bnfmsfr6143
costume	la croix de diamants	merveilles17_arc_bnfmsfr6143
costume	couvert des armes qu’il prend quand il marche contre ses Ennemis, ny dans cét équipage qui fait trembler toute l’Europe	merveilles17_i_ctb-perrault1670
costume	la richesse des habits	merveilles17_i_ctb-perrault1670
animal	les nombre des chevaux & des équipages	merveilles17_i_ctb-perrault1670
construction	Amphitéatre	merveilles17_i_ctb-perrault1670
animal	chevaux	merveilles17_i_ctb-perrault1670
construction	un Camp de quarante cinq toises en quarré, fermé de doubles barrieres, distantes l’une de l’autre, de quinze toises, pour le passages des Quadrilles ; à douze pieds loin de la derniere barriere furent dressez des échaffaux qui environnoient tout le Camp	merveilles17_i_ctb-perrault1670
	échaffaux	merveilles17_i_ctb-perrault1670
animal	tous les chevaux de main	merveilles17_i_ctb-perrault1670
construction	Les échaffaux	merveilles17_i_ctb-perrault1670
construction	un Amphiteatre	merveilles17_i_ctb-perrault1670
construction	cét Amphitheatre	merveilles17_i_ctb-perrault1670
construction	l’Amphiteatre	merveilles17_i_ctb-perrault1670
construction	grand échaffaut	merveilles17_i_ctb-perrault1670
construction	l’Amphitheatre	merveilles17_i_ctb-perrault1670
construction	leur échaffaut	merveilles17_i_ctb-perrault1670
construction	Le Dais	merveilles17_i_ctb-perrault1670
construction	l’Amphitheatre	merveilles17_i_ctb-perrault1670
costume	vétu à la Romaine, d’un habit en broderie d’or & d’argent sur un fonds de satin couleur de feu, les brodequins de même ; le tout garny d’une quantité innombrable de Rubis, son Casque étoit enrichy de pierreries, & ombragé d’un grand bouquet de plumes, aussi couleur de feu, avec une Agrette noire au milieu : Il portoit en sa main le bâton de Commandant qui étoit d’or	merveilles17_i_ctb-perrault1670
animal	le harnois de son cheval étoit pareillement en broderie d’or & d’argent, avec de grandes Aigles, & garny d’une infinité de rubans, ainsi que les crins & la queüe	merveilles17_i_ctb-perrault1670
animal	quatre chevaux de main	merveilles17_i_ctb-perrault1670
construction	l’Amphitheatre	merveilles17_i_ctb-perrault1670
construction	l’Echafaut	merveilles17_i_ctb-perrault1670
construction	aux deux costez de l’Echafaut	merveilles17_i_ctb-perrault1670
construction	l’Amphitheatre	merveilles17_i_ctb-perrault1670
costume	tout couverts de broderie d’or & d’argent, avec des Aigles d’or ; en broderie sur les banderolles de leurs Trompettes	merveilles17_i_ctb-perrault1670
animal	sur les housses de leurs chevaux	merveilles17_i_ctb-perrault1670
animal	vingt chevaux de main	merveilles17_i_ctb-perrault1670
animal	cinquante chevaux de main	merveilles17_i_ctb-perrault1670
construction	l’Amphitheatre	merveilles17_i_ctb-perrault1670
construction	l’Eschafaut des Reynes	merveilles17_i_ctb-perrault1670
construction	l’Amphitheatre	merveilles17_i_ctb-perrault1670
animal	vingt chevaux de main des Chevaliers	merveilles17_i_ctb-perrault1670
animal	vingt-quatre chevaux de main de Monsieur	merveilles17_i_ctb-perrault1670
animal	vingt chevaux de main des Chevaliers	merveilles17_i_ctb-perrault1670
animal	vingt-quatre chevaux du Chef de la Quadrille	merveilles17_i_ctb-perrault1670
costume	les habits étoient couverts de Perles & de Corail	merveilles17_i_ctb-perrault1670
costume	des Carquois couverts de perles & de diamans	merveilles17_i_ctb-perrault1670
animal	Les chevaux étoient caparaçonnez de peaux de Lions, de Leopars, & de Tigres	merveilles17_i_ctb-perrault1670
costume	vétu de peaux de Dragon	merveilles17_i_ctb-perrault1670
construction	l’Echafaut des Reynes	merveilles17_i_ctb-perrault1670
costume	l’entente ingenieuse des habits	merveilles17_i_ctb-perrault1670
costume	d’un habit en broderie d’or & d’argent sur un fonds de satin de couleur de feu, les brodequins de même ; le tout garny d’une quantité innombrable de Rubis ; son Casque étoit enrichy de pierreries, & ombragé du’n grand bouquet de plumes, aussi couleur de feu, avec une Aigrette noire au milieu : Il portoit en sa main le bâton de Commandant qui étoit d’or	merveilles17_i_ctb-perrault1670
animal	le harnois de son cheval étoit pareillement en broderie d’or & d’argent, avec de grandes Aigles, & garny d’une infinité de rubans, ainsi que les crins & la queüe	merveilles17_i_ctb-perrault1670
costume	LA Coiffure étoit un Casque d’or couvert de plumes couleur de feu.Le Corps de l’habit étoit de toille d’argent rebrodée d’or, bandée de satin couleur de feu brodé d’argent.Le tonnelet & les manches étoient de même que le corps, & les lambrequins étoient de couleur de feu brodé d’argent.Les bas de soye étoient de gris de perle, & les botines d’argent chamarées d’or en brodequins. Cette chaussure étoit semblable en tous ceux de la Quadrille.Le manteau étoit de même satin couleur de feu brodé d’or, & doublé de toille d’argent.Le carapaçon & le harnois étoient aussi de satin couleur de brodé d’or & d’argent, garny de piéces d’Orféverie.Les Banderoles de Timballes étoient de leur de feu brodées d’or & d’argent, avec des Aigles d’or.	merveilles17_i_ctb-perrault1670
costume	LA Coiffure étoit en forme d’un mufle de Lion d’or, couvert de plumes couleur de feu.Le corps de l’habit étoit de toille d’argent, brodé d’une bande de broderie d’or à écailles.Le Tonnelet étoit de même toille d’argent, couvert de dix grandes bandes de broderie d’or.Les manches tenant au corps, & les manches pendantes & les lambrequins étoient de satin couleur de feu, brodé d’or & d’argent, & doublées de toille d’argent.Le carapaçon & le harnois étoient de satin couleur de feu, chargé d’une bande d’or brodée d’argent, terminez par leurs campagnes & lambrequins.Le poitrail & la croupiere étoient enrichies de masques d’Orféveries, & les crinieres des chevaux liées d’Echarpes de toille d’argent.	merveilles17_i_ctb-perrault1670
costume	LA Coiffure étoit un Casque d’or & argent, couvert de plumes couleur de feu. Le corps de cuirasse étoit de toille d’argent brodée d’or, serré d’une ceinture de satin couleur de feu, brodé par écailles d’or. Les épaulettes & les écharpes étoient de bandes d’or.Le tonnelet & les manches finissant en campagnes étoient de satin couleur de feu, avec une bande d’or par en bas, & couverts de leurs lambrequins aussi de broderie dor & argent.Le Sabre étoit de vermeil doré avec les chaînes de même, & le foureau couleur de feu, garny de pieces d’or.Le faisseau étoit de verges d’or liées d’argent.Les brodequins étoient de satin couleur de feu, avec masques d’or, qui avoient les revers de toille d’argent.	merveilles17_i_ctb-perrault1670
animal	LE carapaçon étoit de satin couleur feu avec de grandes bandes d’or chargées de pierreries & broderie dor & argent coupées en campagnes, ornées de masques d’Orféveries, avec quatre pendans de pieces d’Orféverie. Et dans le milieu du carapaçon étoit un Aigle de broderie d’or relevée en bosse. Le chantrain & la criniere étoient ombragez de plume couleur de feu si bien attachées, qu’elles sembloient étre un ornement naturel du cheval.	merveilles17_i_ctb-perrault1670
costume	L’habillement des Palfreniers étoit comme un espece de chemise de toille d’argent rayée d’or frisé, & reliée par le milieu du corps d’une bande de satin couleur de feu brodée d’argent. Les lambrequins qui faisoient comme une seconde ceinture étoient de couleur de feu brodé d’or, ainsi que le bout des manches.Le bonnet de satin couleur de feu avec des bandes d’or & d’argent, couvert de plumes couleur de feu.	merveilles17_i_ctb-perrault1670
costume	LE bonnet étoit de satin couleur de feu brodée en bandes d’or & d’argent. Les Pages étoient vétus des mêmes étoffes, & des mêmes couleurs que les précédans Officiers de la Quadrille, à la reserve que le corps étoit de brocart d’or brodé par écailles d’argent, & que les lambrequins tant des hauts des manches que de la ceinture, étoient taillées en écailles de satin couleur de feu, brodé d’or & doublé de toille d’argent.Les manches de dessous étoient de toille d’or reliées d’un bracelet couleur de feu brodé d’or, & se terminoient en manchettes de toille d’argent, taillée en feüilles.Les carapaçons étoient de satin couleur de feu brodé d’or.Les uns portoient les Lances, les autres les Ecus, où les Devises étoient peintes.	merveilles17_i_ctb-perrault1670
costume	LE Casque étoit d’argent brodé d’or, ombragé de plumes couleur de feu.Le corps étoit de toille d’argent rebrodé d’or en écailles.Les manches ainsi que le saye étoient couleur de feu brodé d’or & d’argent, & les lambrequins de brocart d’or brodé d’argent.Les manches de dessous étoient de toille d’argent brodée d’or.Le carapaçon de satin couleur de feu brodé d’or & d’argent.	merveilles17_i_ctb-perrault1670
costume	LE Casque étoit d’argent brodé d’or avec des plumes, couleur de la livrée.Le corps de cuirasse & les lambrequins étoient de brocart d’argent brodé d’or, & orné de bandes de pierreries.Les manches tant celles de dessus que celles de dessous, & le saye étoient de satin blanc brodé d’or.Les brodequins étoient de brocart d’argent brodé d’or.Le carapaçon étoit de satin couleur de feu brodé d’or & d’argent ; & dans les lambrequins des mufles de Lion en broderie.	merveilles17_i_ctb-perrault1670
costume	LE Royétoit vétu à la Romaine, d’un corps de brocart d’argent rebrodé d’or, dont les épaules & le bas du Busq étoient terminez par des écailles de brocart d’or rebrodé d’argent, avec de gros Diamans enchassez dans la broderie, & bordez encore d’un rang de Diamans. Aux extremitez de la gorgerette de même parure que le corps, & composée de quarante quatre roses de Diamans, se joignoient par des agraffes de Diamans, les épaulettes de même étoffe & broderie que le corps, & au bout de chacune desquelles pendoit une campane de Diamans remplie de pendeloques de même. Au milieu de l’estomac pendoit une autre grosse campane de même sorte. Trois bandes de même étoffe & broderie que le reste, couvertes de 120 roses de Diamans extraordinairement larges, & jointes par dedans avec trois grandes agraffes de Diamans, ceignoient cette magnifique Cuirasse. Au bas du Tonnelet de même étoffe & broderie que le corps étoient des écailles comme les précedentes, chacune ayant sa campane à l’extremité. Les lambrequins des épaules & du bas du Busq qui tomboient sur ce Tonnelet, étoient de brocart d’or brodé d’argent avec de gros Diamans enchassez dans la broderie, & des campanes. Les manches de même étoffe & broderie que le corps, étoient chargées de 12 pieces de chaînes ; sur le haut 24 roses de Diamans sur du brocart d’or faisoient le tour des bouts de manches, & ce tour étoit encor orné par des écailles, comme les précedentes. De cette manche sortoit une manche bouffante de toille d’argent, qui finissoit par la manchette de même étoffe bordée d’or, & li&e sur le poignet par un bracelet de Diamans. La Ceinture qui détachoit le corps étoit composée de 54 pieces de chaînes de Diamans, d’une extraordinaire grosseur.Il avoit un Casque d’argent à feüillages d’or enrichy de deux grands Diamans, de douze roses de Diamans sur les costez, & d’un Cordon de douze autres roses. Ce Casque étoit ombragé d’une creste de plumes couleur de feu, de laquelle sortoient quatre Herons.Les Bottines étoient de brocart d’argent rebrodé d’or, reliées & entourées de bandes de brocart d’or bridé d’argent, enrichies comme celles de cy-dessus. Le revers de ces Bottines étoit brodé d’or & coupé en écailles, desquelles pendoient de petites campanes de Diamans ; le bas de soye étoit couleur de feu.Son Cimeterre étoit couvert d’un si grand nombre de Diamans, qu’à peine voyoit-on l’or dans lequel ils étoient enchassez.	merveilles17_i_ctb-perrault1670
animal	Il montoit un cheval Isabelle doré, dont la fierté naturelle étoit encore augmentée par la magnificence de ces habillemens. La Selle du cheval étoit de brocart couleur de feu brodé d’argent ; tout le carapaçon du col, du poitrail, du flanc & de la croupe, n’étoit que des bandes de brocart d’or rebrodées d’argent, garnies de Diamans, & noüées de rubans couleur de feu avec des roses de Diamans à chaque jointure, la queüe étoit ornée de mêmes bandes : Sur la croupe étoient deux grosses campanes de même étoffe & broderie que ces bandes, & à leur extremité comme au dessus de chaque noeuf couleur feu : dans tout le carapaçon il y avoit deux campanes de cartisane & argent mélé de DiamansAu haut de la testiere étoit attaché par une enseigne de huit grands Diamans autour d’un plus grand, un bouquet de plumes couleur de feu, duquel sortoient en quatre aigrettes de Diamans, au dessus desquelles s’élevoit une autre aigrette encore de Diamans, le tout à jour, & composé de 250 pendeloques. Cette testiere de même que les Resnes & les Estrivieres étoit de brocart d’or brodé d’argent, & enrichy de Diamans, & l’extremité des Resnes & chanfrein étoit ornée de campanes & de pendeloques de Diamans..	merveilles17_i_ctb-perrault1670
costume	LA Coiffure étoit un bonent de satin incarnat brodé d’argent, doublé d’hermine, & couvert de plumes incarnates & blanches, qui étoient les couleurs de la Quadrille.La veste étoit de satin incarnat bandé de blanc & brodée d’argent, & la soûveste de toille d’argent ; Les manches de dessus étoient de satin incarnat doublées d’hermine.La Banderole de la Trompette étoit de satin blanc frangée & brodée d’incarnat & argent, & portoit la Devise du Chef de la Quadrille.La Banderole des Timbales étoit de satin incarnat brodé d’argent.Les carapaçons étoient de satin incarnat brodé d’or & d’argent, & doublé d’hermine.	merveilles17_i_ctb-perrault1670
costume	LE bonnet tant des Estafiers que des Palfreniers étoit de satin incarnat & blanc, brodé d’or & d’argent, avec des plumes blanches & incarnates.Le manteau des Estafiers étoit de toille d’argent ainsi que la soûveste, terminez par des écailles, & lambrequins de broderie d’or & d’argent.La veste étoit de satin incarnat chamarée de satin blanc bordé d’argent.Le Carquois étoit d’argent émaillé d’incarnat.Le carapaçon du cheval étoit incarnat brodé d’argent, le tout bordé d’une riche broderie enrichie de diamans.Les écharpes de les testiere étoient de toille d’argent.Les Palfreniers étoient vétus des mêmes étoffes & des mêmes couleurs, avec cette difference que leur veste étoit bordée d’hermine.	merveilles17_i_ctb-perrault1670
costume	LE bonnet tant de l’Ecuyer que du Page étoit de satin incarnat brodé d’argent, doublé d’hermine, & couvert de plumes blanches & incarnates.La veste de l’Ecuyer étoit incarnate brodée d’argent, doublée d’hermine.La soûveste & les manches de dessus étoient d’argent brodé d’or.Le carapaçon étoit de satin incarnat bandé de satin blanc brodé d’argent, & bordé d’herminé, les ornemens d’Orféverie étoient d’or.L’habillement du Page étoit semblable pour les étoffes, & pour les couleurs.	merveilles17_i_ctb-perrault1670
costume	LE bonnet étoit de satin incarnat doublé de brocart d’argent, brodé d’or & de pierreries, avec des plumes des couleurs de la Quadrille.La veste de satin incarnat brodée par bandes de brocart d’argent, & bordée d’hermine.La soûveste & les manches de dessous brodées d’or.Les manches pendantes étoient de satin incarnat brodées d’argent, & doublées de toille d’argent.Le carapaçon du cheval étoit de satin incarnat brodé d’argent, & bordé d’hermine.	merveilles17_i_ctb-perrault1670
costume	LA veste étoit de brocart d’argent rebrodé d’argent & parsemé de rubis, & se joignit pardevant avec de grosses agrafe de rubis. Sur le devant autour du col d’une épaule à l’autre, il y avoit une chaîne de gros rubis, les entourneures des épaules étoient deux chaînes de pareils rubis.Les manches se terminoient en des lambrequins entourez d’un rang de gros rubis, & qui avoient à leur bout des campanes de Cartisanne, & des pendeloques de rubis ; De dessous les manches qui passoient gueres les épaules sortoient d’autres manches qui alloient jusqu’au poignet, & toutes plissées jusqu’à la manchette qui faisoit des languettes.Il portoit sur le dos une mante à la Persane de brocart incarnat rebrodé d’argent, semée de perles, noüée sur les épaules par deux gros boüillons, & dont le bas finissoit par des lambrequins garnis de campanes, comme cy dessus.La coiffure étoit un bonnet à la Persane d’un brocart incarnat, brodé d’argent avec np une bande au dessus en écailles d’or, & un tour de même matiere chargé de pandeloques de rubis, & de perles. A ce bonnet étoit attachée une creste de plumes incarnat & blanc sans nombre, sur une grande rose de rubis.Le bas de soye étoit gris de perle, & les botines de même étoffe & broderie que la veste, le haut de chacune étoit orné de boüillons de brocart d’argent, & d’une rose de rubis qui les soûtenoient : outre cela, elles étoient chamarées en brodequins d’une bande de satin incarnat brodé d’argent, le trou : garny de rubans incarnat & blanc.La Selle du cheval étoit de brocart incarnat & argent rebrodé d’argent, & son molet d’argent, tout le carapaçon étoit de même étoffe & broderie chargé de gros rubis, & composé par le bas de campanes, & distinguées & terminées par des pandeloques de rubis & de perles, & noüées de roses de ruban incarnat & blanc, de même que tous les crins.Il y avoit sur le chanfrin une grande rose de rubis, les six bossettes étoient deux autres roses ; le mort, & les étriers étoient d’argent garnis de rubis, & les resnes de brocart incarnat brodé d’argent aux extrémitez, desquelles pendoient des campanes à pandeloques, comme les précedentes.	merveilles17_i_ctb-perrault1670
costume	LA Coiffure étoit un Turban de toille d’argent rayé de bleu, & les revers de satin bleu brodé d’argent.Les plumes étoient à trois rangs, noires bleuës & blanches.La veste de satin bleu bandée de satin noir aux extremitez, & frangée d’argent ; elle étoit doublée de toille d’argent.La soûveste & les manches de dessous étoient de satin blanc, bandées de satin brodé d’or.Les brodequins étoient de satin bleu chamaré de blanc, & de noir.Le carapaçon du cheval & les banderolles, tant de la Timbale que la Trompette, étoient de satin bleu bandé de satin noir brodé d’or, & tous les Croissans &toient d’argent.	merveilles17_i_ctb-perrault1670
costume	LE bonnet étoit de toille d’argent chamaré d’or, doublé de satin bleu brodé d’argent ; l’Aigrette naissoit d’un Croissant d’argent embrassant un miroir, & autour étoient des écailles d’or & d’argent, d’où formoient des plumes pendantes, noires, bleuës & blanches.La veste étoit de satin bleu avec des bandes de satin noir aux extremitez, brodée & frangée d’or & d’argent, & doublée de toille d’argent.Les Boutosnieres étoient d’argent.La soûveste & les manches de dessous de satin blanc, rayées de noir & bleu brodées d’argent.Les brodequins étoient de satin bleu, chamaré de blanc & de bleu.Le carapaçon du cheval étoit de satin bleu brodé d’argent, avec une bande de satin noir brodée d’or & d’argent, enrichie de Turquoises & de Diamans.Les Croissans étoient d’argent.	merveilles17_i_ctb-perrault1670
costume	LA Coiffure étoit moitié Bonnet & moitié Turban. Le Bonnet étoit de satin bleu brodé d’argent, & le Turban étoit de toille d’argent rayé de bleu : Outre les plumes ordinaires, il y en avoit encore en forme d’aisles, tant sur le Bonnet qu’aux deux épaules, de couleur de la Quadrille.La veste étoit de satin bleu, doublée de toille d’argent, & brodée de satin brodé d’or & d’argent.Le carapaçon du cheval de l’Ecuyer étoit une peau de Lyon, dont la criniliere étoit d’or.Et le carapaçon du cheval du Page étoit de satin bleu brodé d’argent, & bandé de satin noir brodé d’or, avec des Croissans d’argent.	merveilles17_i_ctb-perrault1670
costume	L’Habit étoit semblable à celuy de l’Ecuyer, à la reserve seulement qu’il n’avoit pas de ces grandes aisles attachées au dos.	merveilles17_i_ctb-perrault1670
costume	La soûveste étoit de satin rouge cramosy brodé d’argent, qui se joignoit pardevant avec de grosses agraffes de Turquoises, & de Diamans. Les entourneures des épaules de dessus étoient aussi de Turquoises & de Diamans, & celles de dessous de Croissans d’argent d’Orfévreries.De dessous celles-cy sortoient des lambrequins semez de Diamans & de Turquoises, enchassez dans la même broderie & étoffe que la sûveste.Cette sûveste finissoit en bas par de semblables lambrequins, & le revers qui étoit de brocart d’argent paroissoit, parce que les coins de devanat étoient relevez & attachez pardes agraffes semblables aux autres, à une écharpe d’étoffe à la Persane d’argent rayée de filets d’or, dont les bouts étoient garnis de frange d’or.Au devant du Turban qui étoit de même étoffe, & environné de bandes de brocart d’argent rebrodé d’argent, & garny de Diamans & de Turquoises, paroissoit vn Croissant de mêmes pierreries, sur une grande Enseigne de même.Ce Croissant soûtenoit une masse de plumes bleües, blanches & noires, desquelles sortoient quatre Herons.Il avoit une soûveste de brocart d’or brodé d’argent, qui étoit garnie par le bas de Croissant d’argent d’Orfeverie, distinguez par de campanes de cartisanne d’or.Les manches étoient de même brocart liées avec des bracelets de Diamans, & de Turquoises : la manchette étoit en forme d’écailles, de brocart d’argent.Des Croissans d’argent d’Orféverie enchainez les uns aux autres, composoient deux manches pendantes derriere les épaules.Les botines étoient de satin rouge cramoisy brodé d’argent, & doublé de brocart d’argent, renversées & bordées par le haut d’un tour d’écailles rouge cramoisy brodé d’argent : le devant étoit garny depuis le haut jusqu’au bas de Croissans d’argent comme les premiers, le devant & le reste étoit entouré & relié d’une bande de brocart d’or rebrodé d’argent.La housse de satin bleu bordée d’argent étoit entourée d’une bande noire brodée d’or taillée en campanes, chacune desquelles étoit garnie d’une rose de Turquoise, & de Diamans, & avoit à son bout une autre campane de cartisanne d’or.Il y avoit une cartouche de vermeil doré attachée à la housse par des Turquoises & des Diamans, & par deux Croissans de mêem vermeil au bas de cette cartouche pendoit un autre croissant de même.Le carapaçon de la croupe étoit de satin bleu brodé d’argent, & chargé de grands Croissans de vermeil doré, avec des campanes de cartisanne d’or tout autour, le mors, les étriers, & les éperons étoient de vermeil doré garnis de Turquoises & de Diamans, les bossettes de deux roses de mêmes pierreries, la testiere, les resnes, & les estrivieres de brocart d’or garnies de même.Sur le front du cheval qui étoit un grand coursier de Naples blanc, pendoit un grand Croissant de mêmes pierreries, au dessus duquel paroissoit un chanfrein de plumes bleües, blanches & noires, tous les crins étoient noüez de rubans de même couleur.	merveilles17_i_ctb-perrault1670
costume	LA Coiffure du Timbalier étoit un grand Perroquet, accompagné de deux petits sur ses épaules avec leurs plumes de couleur naturelle.Le fonds de l’habit étoit couleur de chair brune chamaré de jaune & de noir : le jaune étoit brodé d’argent, & le noir étoit brodé d’or.Les ornemens étoient de couleurs differentes.Il avoit une espece de plastron d’or orné de perles.Le carapaçon & banderolle étoit des bandes de satin jaune & de satin noir brodé d’or & d’argent avec des lambrequins de plumes de toutes couleurs.	merveilles17_i_ctb-perrault1670
costume	LE bonnet tant des Estafiers que des Palfreniers étoit d’or orné de plumes de toutes couleurs avec un bouquet de couleur de la Quadrille.Le juppon étoit de couleur de chair brune bandé de noir, brodé d’or, croisé d’vne doublé écharpe de satin noir brodé d’or & couvert de perles.La ceinture étoit de gase d’argent, & des plumes de toutes couleurs marquoient les extremitez.Le carapaçon du cheval étoit de satin noir tout brodé d’or, bandé de satin jaune brodé d’argent, & boidé de perles : toutes les extremitez des lambrequins étoient ornez de plumes de toutes couleurs.	merveilles17_i_ctb-perrault1670
costume	LE bonnet tant de l’Ecuyer que du Page étoit or & argent, garny de plumes à plusieurs rangs de toutes couleurs, & chargé d’un Bouquet de couleur de la Quadrille.Le corps de l’habit étoit de couleur de chair brune, orné d’or, de perles, & de plumes de toutes couleurs.Le carapaçon étoit de satin jaune, bandé de satin noir, brodé d’or & d’argent, & enrichy aux extremitez de plumes de toutes les couleurs.	merveilles17_i_ctb-perrault1670
costume	L’Habit du Mareschal de Camp étoit pareil à celuy de l’Ecuyer, à la difference qu’il étoit plus riche & plus chargé de Broderie de pierrerie, de perles, & de corail.<figure>LE DVC D’ANGVIEN, ROY DES INDES.LE corps étoit de brocart or & noir rebrodé d’argent, & semé de Diamans. Le Tonnelet étoit de même parure aussi bien que les demy-manches, l’entourneure des épaules & du bas des manches, le bas du Buseq, & le bas du Tonnelet chargez chacun d’un rang de grosses perles.Il avoit penduë au col une écharpe d’or en broderie, qui s’ouvroit au devant vers les deux costez, par-dessous les bras se rejoignoit entre les deux épaules, & remontoit jusqu’au derriere du col chargée de Diamans, au bas de chacun desquels pendroit une grosse perle en poire.Vne plume feinte de broderie d’argent, & une autre qui étoit naturelle, & de couleur de chair mélées ensemble, faisoient sa cravatte.Pour lambrequins sur les épaules, au bout des manches, au haut & au bas du Tonnelet, & au haut des botines étoient deux rangs de ces deux sortes de plumes ; les feintes au dessus np des naturelles, excepté le haut du Tonnelet, qui en avoit un rang de naturelles entre deux rangs de feintes, & qui de méme que le bas du Tonnelet avoit des campanes de cartisanne or & argent au bout des lambrequins.La Coiffure étoit un bonnet à l’Indienne, exprimé par des plumes feintes de broderie d’or & d’argent qui soûtenoient les naturelles, jaunes, blanches & noires, qui étoient les couleurs de la Quadrille, desquelles sortoient quatre Herons.Les botines étoient de brocart d’or chamarées de bandes d’or, & couvertes de perles.La housse étoit de brocart d’or brodé d’argent avec des bandes de brocart d’or & noir, rebrodé d’or, & des campanes, d’où pendoient d’autres campanes de cartisanne d’or & d’argent.Le poitral & le carapaçon de la croupe étoient de brocart noir & or, & de plusieurs autres pieces de brocart d’or brodé d’argent adaptées sur l’or & sur le noir, de plusieurs rangs de grosses perles qui tournoient à l’entour des morceaux de broderie d’argent, il pendoit de grosses perles en poires dans les interualles de ces pieces.Les resnes, la testiere, & les estrivieres étoient de brocart d’or couvert de broderie d’argent, le mors, l’étrier, & l’éperon d’or, & les bossettes étoient de roses de Diamans.Sur le front du cheval s’élevoit un chanfrein de plumes jaunes, blanches & noires sur une campane de brocart d’or, avant un gros Diamant au milieu, tous les crins étoient noüez de roses de ruban de méme couleur.	merveilles17_i_ctb-perrault1670
costume	LE Bonnet de l’un & de l’autre étoit fait de plusieurs coquilles de corail.Tout le corps étoit de satin vert brodé en écailles d’argent, les manches & les extremitez du corps étoient de nageoires de poissons.Les carapaçons des chevaux étoient de peaux de Tigres, avec des bandes de velours vers, cloüées & rebordées en campanes de bandes d’or.	merveilles17_i_ctb-perrault1670
costume	hermine, qui ne tenoit que sur un épaule, & étant ceint par le milieu du corps, les couvroit jusques aux genoux ; le vestement étoit bordé par le bas d’vne bande de broderie.	merveilles17_i_ctb-perrault1670
costume	LEs Estafiers representoient des Sauvages ; leur vestement étoit une peau de Tigre, dont la teste leur servoit de bonnet, & les deux pieds de devant entouroient le col, & étoient noüez en forme de cravate : cette peau qui étoit doublée de satin couleur de chair, étoit retroussée par les deux costez, & s’atachoit par derriere à la queüe du Tigre.Ils avoient sur la teste une espece de Couronne de feüilles de vigne, & autour des bras des bracelets aussi de feüilles de vigne.Ils étoient ceints avec des bandes d’or, & portoient chacun une massüe sur leurs épaules.Les Palfreniers representoient des Satyres couronnez, & environnez par tout le corps de branches & de feüilles de vigne, avec des doubles écharpes croisées, & des ceintures faites de larges bandes d’or.Le carapaçon du cheval étoit une peau de Tigre, bordée d’une large bande de velours vert en broderie d’or & d’argent, avec une autre bordure taillée en façon de campanes brodées & chargées de mufles de Lyon en broderie d’or, & enrichies de pierreries, les campanes rebordées de fourures.Le cheval avoit une corne au milieu du front en manière de Licorne.	merveilles17_i_ctb-perrault1670
costume	LE casque de l’Ecuyer étoit d’or en forme de teste de Dragon, d’où pendoit une longue criniere par derriere. L’habit étoit fait de lames d’or où étoient enchassez des yeux de Dragon, & les lambrequins qui tomboient sur le Saye étoient de fourures chargez de lames d’or, où étoient aussi des yeux de Dragon.Le Saye étoit de satin couleur de chair, avec une bande de velours vert en broderie d’or, & une frange aussi d’or.Le carapaçon du cheval étoit une peau de Tigre, bandé de velours vert en broderie, avec des lambrequins de fourures chargez d’yeux de Dragon.La coeffure du Page étoit un bonnet de fourure, chargé d’une peau de Singe : il avoit le corps couvert d’une peau de Tigre, & le Saye fait de diverses écailles.La carapaçon du cheval étoit une peau de Poisson de Mer, avec des lames d’or cloüées dessus.	merveilles17_i_ctb-perrault1670
costume	SON bonnet étoit d’or en forme de Turban, chargé de perles, d’une plume de Heron, & de plumes des couleurs de la Quadrille.Son habit étoit de lames d’or ; sur les épaules étoient des testes de Tigres, d’où pendoient aussi bien que du bas des manches & du Tonnelet des lambrequins de fourures chargez d’yeux de Dragon, & de pierreries.Le carapaçon étoit une peau de Panthere, recouuerte de feüillages d’or chargez de pierreries, & rebordées de fourures.	merveilles17_i_ctb-perrault1670
costume	LA cuirasse étoit de peau de Dragons, dont les deux testes se rencontrant sur les épaules, vomissoient les manches, dont celle de dessus étoit de brocart vert, rebrodé de même que l’habit, & celle de dessous de toille d’argent qui descendoit jusque sur le poignet, étoit liée d’un bracelet de grosses Emeraudes, & les queües de Dragons faisoient des lambrequins ; le tout chargé d’une broderie de perles & de rubis, ainsi que les brodequins.Sur la coeffure qui étoit un morion d’or, rampoit vn Dragon de même métal, qui soûtenoit deux cercles de brillans d’or, chargez de plumes vertes & blanches, surmontées de trois bouquets de plumes en Aigrette, d’où sortoient trois masses de Heron, qui donnoient quatre pieds de hauteur à cét habillement de teste, duquel une queüe de plumes encor descendoit sur le dos du Chevalier.Son Cimeterre étoit d’or garny de pierreries, le fourreau à la Chinoise enrichy de même, il portoit une masse d’armes à aîles dorées, & découpées à jour, dont le bâton étoit entouré d’un Serpent au naturel.	merveilles17_i_ctb-perrault1670
animal	Il montoit un grand Coursier Bay, caparaçonné d’une peau de Tigre, avec la bordure en broderie d’or & d’argent, il y avoit une teste de Dragon d’or au poitral, des Serpens d’or & de soye sur les épaules & sur les flancs au lieu des campanes, & un gros mufle de Dragon vomissoit sur la croupe quantité de couleuvres, qui en formoient la queüe, comme les corps de Dragon double entrelassez de part & d’autre à costez de la méme croupe faisoient les pendans de la croupiere, & plusieurs couleuvres faisoient aussi les crins du col.Le Coursier avoit au front une corne dorée, au dessus de laquelle s’élevoit une Aigrette de brillans d’or & d’argent, d’où sortoit une masse de Héron.	merveilles17_i_ctb-perrault1670
animal	des chevaux de bonne haleine & bien dressez	merveilles17_i_ctb-perrault1670
construction	le même échafaut du jour précedent	merveilles17_i_ctb-perrault1670
construction	les échafauts qui entouroient le Camp	merveilles17_i_ctb-perrault1670
costume	la hauteur des Plumes & des aigrettes de leur Coeffure obligea d’augmenter beaucoup	merveilles17_i_ctb-perrault1670
machine	Machines	merveilles17_i_dv-felibien1676
construction	Théatres	merveilles17_i_dv-felibien1676
construction	des Bocages ornez & enrichis de fontaines & de figures	merveilles17_i_dv-felibien1676
	Bocages	merveilles17_i_dv-felibien1676
décor	un gros arbre	merveilles17_i_dv-felibien1676
jeux_d_eau	infinité de jets d’eau	merveilles17_i_dv-felibien1676
jeux_d_eau	jets d’eau	merveilles17_i_dv-felibien1676
construction	un grand nombre d’autres	merveilles17_i_dv-felibien1676
construction	un gros jet d’eau	merveilles17_i_dv-felibien1676
construction	ajutages	merveilles17_i_dv-felibien1676
décor	grand nombre d’orangers & de pots de porcelaines remplis d’une infinité de diverses fleurs, que par des festons aussi de fleurs, disposez d’une maniére qui les faisoit beaucoup paroître parmi les arbres ausquels ils estoient attachez. Une infinité de jattes & de cuvettes de porcelaine, pleines de toutes sortes de fruits, couvroient non seulement ces tables de marbre dont j’ay parlé, mais encore toutes les marches de gazon qui sont aux environs. Entre les jattes & les cuvettes il y avoit des corbeilles remplies de pastes & de fruits confits entremêlez de caraffes de crystal & d’autres petites porcelaines, où l’on avoit mis toutes sortes de liqueurs	merveilles17_i_dv-felibien1676
éclairage	deux rangs de bougies	merveilles17_i_dv-felibien1676
éclairage	d’autres lumiéres	merveilles17_i_dv-felibien1676
construction	Le Théatre	merveilles17_i_dv-felibien1676
construction	un pareil nombre de piedestaux de marbre	merveilles17_i_dv-felibien1676
éclairage	girandoles	merveilles17_i_dv-felibien1676
éclairage	dix bougies	merveilles17_i_dv-felibien1676
éclairage	une girandole	merveilles17_i_dv-felibien1676
construction	Théatre	merveilles17_i_dv-felibien1676
éclairage	un grand lustre	merveilles17_i_dv-felibien1676
éclairage	girandoles	merveilles17_i_dv-felibien1676
jeux_d_eau	six differens jets	merveilles17_i_dv-felibien1676
jeux_d_eau	jets d’eau	merveilles17_i_dv-felibien1676
éclairage	tant de lumiéres	merveilles17_i_dv-felibien1676
éclairage	tant de lumiéres	merveilles17_i_dv-felibien1676
éclairage	tant de lustres	merveilles17_i_dv-felibien1676
éclairage	girandoles	merveilles17_i_dv-felibien1676
construction	ce Théatre	merveilles17_i_dv-felibien1676
musique	la Musique	merveilles17_i_dv-felibien1676
construction	un Salon de verdure	merveilles17_i_dv-felibien1676
construction	des Amphithéatres	merveilles17_i_dv-felibien1676
musique	la Musique	merveilles17_i_dv-felibien1676
construction	Ce Salon	merveilles17_i_dv-felibien1676
construction	un gros jet d’eau	merveilles17_i_dv-felibien1676
décor	cinq Figures de Satyres	merveilles17_i_dv-felibien1676
construction	ce Salon	merveilles17_i_dv-felibien1676
musique	la Musique	merveilles17_i_dv-felibien1676
	la promenade	merveilles17_i_dv-felibien1676
machine_aquatique	machines	merveilles17_i_dv-felibien1676
jeux_d_eau	plusieurs jets d’eau	merveilles17_i_dv-felibien1676
jeux_d_eau	soixante-treize jets d’eau	merveilles17_i_dv-felibien1676
éclairage	plus de cent cinquante lustres	merveilles17_i_dv-felibien1676
éclairage	des girandoles	merveilles17_i_dv-felibien1676
éclairage	bougies	merveilles17_i_dv-felibien1676
éclairage	des girandoles	merveilles17_i_dv-felibien1676
éclairage	bougies	merveilles17_i_dv-felibien1676
animal	d’oiseaux tres-rares, & d’une quantité incroyable d’autres animaux sauvages.	merveilles17_i_dv-felibien1676
musique	la musique	merveilles17_i_dv-felibien1676
construction	Théatre	merveilles17_i_dv-felibien1676
construction	ce Théatre	merveilles17_i_dv-felibien1676
éclairage	Sept grands lustres	merveilles17_i_dv-felibien1676
construction	Théatre	merveilles17_i_dv-felibien1676
éclairage	quantité de girandoles	merveilles17_i_dv-felibien1676
éclairage	une infinité d’autres lumiéres	merveilles17_i_dv-felibien1676
éclairage	infinité de bougies	merveilles17_i_dv-felibien1676
éclairage	tant de lumiéres	merveilles17_i_dv-felibien1676
construction	THEATRE	merveilles17_i_dv-felibien1676
construction	le Théatre	merveilles17_i_dv-felibien1676
construction	bassins de fontaines	merveilles17_i_dv-felibien1676
construction	Théatre	merveilles17_i_dv-felibien1676
construction	deux lances d’eau	merveilles17_i_dv-felibien1676
jeux_d_eau	quantité des jets d’eau	merveilles17_i_dv-felibien1676
construction	une infinité de figures d’eau	merveilles17_i_dv-felibien1676
jeux_d_eau	plusieurs jets	merveilles17_i_dv-felibien1676
construction	plusieurs palissades de lances	merveilles17_i_dv-felibien1676
éclairage	petits chandeliers	merveilles17_i_dv-felibien1676
animal	aigrettes	merveilles17_i_dv-felibien1676
construction	un Théatre	merveilles17_i_dv-felibien1676
construction	bassins de fontaine	merveilles17_i_dv-felibien1676
construction	le Théatre	merveilles17_i_dv-felibien1676
musique	la Musique	merveilles17_i_dv-felibien1676
éclairage	cent flambeaux	merveilles17_i_dv-felibien1676
feu_d_artifice	Feu d’artifice	merveilles17_i_dv-felibien1676
éclairage	Figures d’illuminations	merveilles17_i_dv-felibien1676
éclairage	lumiéres	merveilles17_i_dv-felibien1676
feu_d_artifice	une infinité de feux	merveilles17_i_dv-felibien1676
feu_d_artifice	Mille fusées	merveilles17_i_dv-felibien1676
éclairage	lumiéres differentes	merveilles17_i_dv-felibien1676
bruitage	bruit des canons	merveilles17_i_dv-felibien1676
feu_d_artifice	les feux	merveilles17_i_dv-felibien1676
éclairage	mille lumiéres	merveilles17_i_dv-felibien1676
éclairage	girandole de crystal	merveilles17_i_dv-felibien1676
éclairage	plusieurs bougies	merveilles17_i_dv-felibien1676
décor	huit Figures d’argent drapées d’or. Ces figures estoient assises & disposées en differenes attitudes, tenans toutes des flageolets & autres instrumens champestres, dont elles sembloient jouër.	merveilles17_i_dv-felibien1676
éclairage	une girandole	merveilles17_i_dv-felibien1676
éclairage	un lustre	merveilles17_i_dv-felibien1676
éclairage	bougies	merveilles17_i_dv-felibien1676
éclairage	girandole	merveilles17_i_dv-felibien1676
machine_terrestre	cette machine	merveilles17_i_dv-felibien1676
éclairage	une rangée de bougies	merveilles17_i_dv-felibien1676
éclairage	six cens bougies	merveilles17_i_dv-felibien1676
éclairage	des rangées de bougies	merveilles17_i_dv-felibien1676
machine_terrestre	cette machine	merveilles17_i_dv-felibien1676
éclairage	lumiéres	merveilles17_i_dv-felibien1676
construction	un bassin de fontaine, d’où s’éleve un piedestal, qui porte un autre bassin en forme de table ronde, dont les bords sont de pierres congelées de differentes couleurs	merveilles17_i_dv-felibien1676
jeux_d_eau	L’eau qui sort du milieu de ce bassin par la bouche d’un gros masque de bronze doré, retombe par napes dechirées dans la bassin d’embas	merveilles17_i_dv-felibien1676
jeux_d_eau	jet d’eau	merveilles17_i_dv-felibien1676
construction	un Théatre	merveilles17_i_dv-felibien1676
éclairage	girandoles	merveilles17_i_dv-felibien1676
éclairage	plusieurs bougies	merveilles17_i_dv-felibien1676
construction	ce Théatre	merveilles17_i_dv-felibien1676
jeux_d_eau	la grande piéce d’eau	merveilles17_i_dv-felibien1676
éclairage	lumiéres coloriées	merveilles17_i_dv-felibien1676
construction	un rocher	merveilles17_i_dv-felibien1676
éclairage	un Obelisque tout de lumiére	merveilles17_i_dv-felibien1676
construction	Du rocher	merveilles17_i_dv-felibien1676
machine_aquatique	un Dragon les aîles déployées, qui sembloit à demi écrasé sous le faix de la machine	merveilles17_i_dv-felibien1676
construction	rocher	merveilles17_i_dv-felibien1676
éclairage	d’illuminations	merveilles17_i_dv-felibien1676
éclairage	mille feux étincelans	merveilles17_i_dv-felibien1676
machine_terrestre	Cette machine	merveilles17_i_dv-felibien1676
	une lumiére	merveilles17_i_dv-felibien1676
jeux_d_eau	la pièce d’eau	merveilles17_i_dv-felibien1676
éclairage	plusieurs lances à feu	merveilles17_i_dv-felibien1676
éclairage	semblables lumiéres	merveilles17_i_dv-felibien1676
éclairage	un nombre infini de feux	merveilles17_i_dv-felibien1676
machine_aquatique	Dragon	merveilles17_i_dv-felibien1676
feu_d_artifice	des torrens de feu	merveilles17_i_dv-felibien1676
feu_d_artifice	mille éclairs & mille foudres	merveilles17_i_dv-felibien1676
feu_d_artifice	Un nombre infini de semblables feux	merveilles17_i_dv-felibien1676
machine_aquatique	le Dragon	merveilles17_i_dv-felibien1676
jeux_d_eau	la piéce d’eau	merveilles17_i_dv-felibien1676
feu_d_artifice	petits tourbillons de feu	merveilles17_i_dv-felibien1676
feu_d_artifice	une infinité d’autres feux	merveilles17_i_dv-felibien1676
feu_d_artifice	mille étincelles de feu	merveilles17_i_dv-felibien1676
feu_d_artifice	mille fusées	merveilles17_i_dv-felibien1676
feu_d_artifice	mille autres feux	merveilles17_i_dv-felibien1676
feu_d_artifice	Mille partemens de fusées	merveilles17_i_dv-felibien1676
feu_d_artifice	gerbes de feu	merveilles17_i_dv-felibien1676
	cette grande piéce d’eau	merveilles17_i_dv-felibien1676
feu_d_artifice	nombre de cinq milles fusées	merveilles17_i_dv-felibien1676
feu_d_artifice	trente mille differentes piéces d’artifice	merveilles17_i_dv-felibien1676
machine_aquatique	la Machine	merveilles17_i_dv-felibien1676
éclairage	d’Illuminations	merveilles17_i_dv-felibien1676
musique	les musiques	merveilles17_i_dv-felibien1676
feu_d_artifice	les feux d’artifice	merveilles17_i_dv-felibien1676
éclairage	tracez du lumiéres	merveilles17_i_dv-felibien1676
éclairage	double rang de feux	merveilles17_i_dv-felibien1676
éclairage	pareilles lumiéres	merveilles17_i_dv-felibien1676
jeux_d_eau	mille jets d’eau	merveilles17_i_dv-felibien1676
éclairage	Ces lumiéres	merveilles17_i_dv-felibien1676
éclairage	figures de feu	merveilles17_i_dv-felibien1676
éclairage	une lumiére douce	merveilles17_i_dv-felibien1676
feu_d_artifice	ces feux	merveilles17_i_dv-felibien1676
décor	Figures illuminées	merveilles17_i_dv-felibien1676
jeux_d_eau	la piéce d’eau	merveilles17_i_dv-felibien1676
éclairage	Illuminations	merveilles17_i_dv-felibien1676
éclairage	six cens cinquante Termes de lumiéres	merveilles17_i_dv-felibien1676
éclairage	lumiéres	merveilles17_i_dv-felibien1676
construction	la grande piéce d’eau	merveilles17_i_dv-felibien1676
construction	Cette piéce d’eau	merveilles17_i_dv-felibien1676
construction	un Palais	merveilles17_i_dv-felibien1676
construction	un Palais	merveilles17_i_dv-felibien1676
éclairage	feu & des éclats de lumiéres	merveilles17_i_dv-felibien1676
éclairage	d’étincelles de feu	merveilles17_i_dv-felibien1676
jeux_d_eau	un gros jet d’eau	merveilles17_i_dv-felibien1676
construction	deux rochers	merveilles17_i_dv-felibien1676
jeux_d_eau	un gros jet d’eau	merveilles17_i_dv-felibien1676
éclairage	des lumiéres	merveilles17_i_dv-felibien1676
construction	cette grande piéce d’eau	merveilles17_i_dv-felibien1676
éclairage	la lumiére	merveilles17_i_dv-felibien1676
éclairage	ces grandes piéces d’eau éclairées	merveilles17_i_dv-felibien1676
éclairage	Figures lumineuses	merveilles17_i_dv-felibien1676
éclairage	ces Illuminations	merveilles17_i_dv-felibien1676
éclairage	les lumiéres	merveilles17_i_dv-felibien1676
éclairage	vingt mille lumiéres	merveilles17_i_dv-felibien1676
éclairage	quatre milles autres feux	merveilles17_i_dv-felibien1676
feu_d_artifice	feux d’artifices	merveilles17_i_ormessonmai1664
musique	de la Musique	merveilles17_i_pie-ballard1
décor	Isle flotante	merveilles17_i_pie-ballard1
machine_du_temps	vn Char	merveilles17_i_pie-ballard1
construction	Portiques	merveilles17_i_pie-ballard1
machine_du_temps	Char	merveilles17_i_pie-ballard1
machine_du_temps	Char	merveilles17_i_pie-ballard1
éclairage	vn nombre infiny de lumieres	merveilles17_i_pie-ballard1
machine_volante	vne Machine	merveilles17_i_pie-ballard1
animal	vn cheual d’Espagne	merveilles17_i_pie-ballard1
animal	vn Elephant	merveilles17_i_pie-ballard1
animal	vn Chameau	merveilles17_i_pie-ballard1
animal	vn Ours	merveilles17_i_pie-ballard1
machine_volante	vne Machine	merveilles17_i_pie-ballard1
costume	armez à la Grecques	merveilles17_i_pie-ballard1
machine_aquatique	Monstre Marin	merveilles17_i_pie-ballard1
décor	deux Isles	merveilles17_i_pie-ballard1
construction	Palais d’Alcine	merveilles17_i_pie-ballard1
construction	Frontispice du Palais	merveilles17_i_pie-ballard1
éclairage	deux flambeaux	merveilles17_i_pie-ballard1
construction	ce Palais	merveilles17_i_pie-ballard1
bruitage	vn coup de Tonnerre	merveilles17_i_pie-ballard1
éclairage	plusieurs esclairs	merveilles17_i_pie-ballard1
construction	Palais	merveilles17_i_pie-ballard1
feu_d_artifice	Feu d’artifice	merveilles17_i_pie-ballard1
	vn Char	merveilles17_i_pie-ballard1
	le Char	merveilles17_i_pie-ballard1
	vne Machine	merveilles17_i_pie-ballard1
machine_aquatique	vne Machine	merveilles17_i_pie-ballard1
construction	Palais d’Alcine	merveilles17_i_pie-ballard1
construction	Eschaffaut	merveilles17_i_pie-ballard1
construction	trois autres echaffauts	merveilles17_i_pie-ballard1
construction	hautes toilles	merveilles17_i_pie-ballard2
construction	bastimens de bois	merveilles17_i_pie-ballard2
éclairage	nombre prodigieux de flambeaux de cire blanche	merveilles17_i_pie-ballard2
construction	orner vn Rond	merveilles17_i_pie-ballard2
construction	hautes palissades; de quatre Portiques de trente-cinq pieds d’éleuation, & de vingt-deux en quarré d’ouuerture; de plusieurs festons enrichis d’or, & de diuerses peintures auec les armes de sa Majesté.	merveilles17_i_pie-ballard2
costume	fort richement habillé de couleur de feu	merveilles17_i_pie-ballard2
costume	habillé de sa liurée de toille d’argent enrichie d’or, auec les plumes incarnates & noires & les rubans de mesme	merveilles17_i_pie-ballard2
costume	vestu de couleur de feu, argent & noir; & le reste de la liurée semblable	merveilles17_i_pie-ballard2
costume	habillez de satin couleur de feu, & argent; leurs plumes de la mesme liurée, & les carapaçons de leurs cheuaux couuerts d’vne pareille broderie, auec des Soleils d’or fort esclatants aux banderolles des Trompettes, & les couuertures des Tymballes	merveilles17_i_pie-ballard2
costume	armé à la Grecque, d’vne cuirasse de toille d’argent couuerte de petites escailles d’or; aussi bien que son bas de saye, & son Casque estoit orné d’vn Dragon, & d’vn grand nombre de plumes blanches, meslées d’incarnat & de noir	merveilles17_i_pie-ballard2
animal	vn cheval blanc, bardé de mesme	merveilles17_i_pie-ballard2
animal	vn des plus beaux cheuaux du monde, dont le harnois couleur de feu esclattoit d’or, d’argent & de pierreries	merveilles17_i_pie-ballard2
costume	estoit armée à la façon des Grecs comme tous ceux de sa Quadrille, & portoit vne cuirasse de lame d’argent, couuerte d’vne riche broderie d’or & de diamans. Son port & toute son action estoient dignes de son rang ; son Casque tout couuert de plumes couleur de feu	merveilles17_i_pie-ballard2
costume	portant la couleur de feu & le noir sous vne riche broderie d’argent, & ces plumes aussi bien que tout le reste de son esquipage estoient de cette mesme liurée	merveilles17_i_pie-ballard2
costume	vn habit de cette couleur en broderie d’or & de geaix	merveilles17_i_pie-ballard2
animal	son cheual	merveilles17_i_pie-ballard2
costume	portoit sur vn habit de toille d’argent plusieurs rubis, & montoit vn cheual blanc bardé de la mesme couleur	merveilles17_i_pie-ballard2
costume	vestus l’vn d’incarnat auec or & argent; & l’autre de vert, blanc & argent: Toute leur liurée	merveilles17_i_pie-ballard2
animal	leurs cheuaux	merveilles17_i_pie-ballard2
costume	le premier vestu d’incarnat & blanc; et l’autre de jaune, blanc & noir, enrichis de broderie d’argent, leur liurée de mesme, & fort bien montez	merveilles17_i_pie-ballard2
costume	l’vn portoit le bleu & argent ; & l’autre le bleu, blanc, & noir auec or & argent : leurs plumes, & les harnois de leurs cheuaux estoient de la mesme couleur, & d’vne pareille richesse	merveilles17_i_pie-ballard2
costume	la couleur de chair & argent; & l’autre le gris de lin, blanc & argent: toute leur liurée estant la plus riche, & la mieux assortie du monde	merveilles17_i_pie-ballard2
costume	sa liurée la couleur de feu, blanc & argent : vn grand nombre de Diamants estoient attachez sur la magnifique broderie, dont sa cuirasse, & son bas de saye estoient couuerts; son casque, & le harnois de son cheual en estoient aussi enrichis.	merveilles17_i_pie-ballard2
machine_du_temps	VN char de dix-huit pieds de haut, de vingt-quatre de long, & de quinze de large; paroissoit en suite esclatant d’or & de diuerses couleurs	merveilles17_i_pie-ballard2
costume	riches habits	merveilles17_i_pie-ballard2
machine_du_temps	ce Char magnifique	merveilles17_i_pie-ballard2
machine_volante	Machine	merveilles17_i_pie-ballard2
costume	des vestes couleur de feu enrichie d’argent, & des coiffures de mesmes.	merveilles17_i_pie-ballard2
éclairage	vn nombre infiny de lumieres	merveilles17_i_pie-ballard2
animal	vn Cheual d’Espagne	merveilles17_i_pie-ballard2
costume	Son habit estoit vert en broderie d’argent, & de fleurs au naturel	merveilles17_i_pie-ballard2
animal	vn Elephant	merveilles17_i_pie-ballard2
animal	vn Chameau	merveilles17_i_pie-ballard2
animal	vn Ours	merveilles17_i_pie-ballard2
costume	vestus d’habits conformes à cette profession, mais fort riches	merveilles17_i_pie-ballard2
machine_volante	Machine fort ingenieuse en forme d’vne petite Montagne ou Roche ombragée de plusieurs arbres ; mais ce qui estoit plus surprenant, c’est qu’on la voyoit portée en l’air, sans que l’artifice qui la faisoit mouuoir se peust descouurir à la veuë.	merveilles17_i_pie-ballard2
costume	fort richement vestus	merveilles17_i_pie-ballard2
costume	tres bien vestus	merveilles17_i_pie-ballard2
construction	vn petit Theatre	merveilles17_i_pie-ballard2
construction	ces hautes palissades	merveilles17_i_pie-ballard2
éclairage	vn nombre infiny de Chandeliers peints de vert & d’argent, portant chacun vingt-quatre bougies, & deux cent flambeaux de cire blanche	merveilles17_i_pie-ballard2
costume	leurs Casques couuerts de plumes de differentes couleurs, & leurs habits de la Course	merveilles17_i_pie-ballard2
construction	ce rond	merveilles17_i_pie-ballard2
construction	vn autre rond enuironné de palissades	merveilles17_i_pie-ballard2
construction	le Palais d’Alcine	merveilles17_i_pie-ballard2
construction	couurir de toilles, en si peu de temps qu’on auoit lieu de s’en estonner, tout ce rond d’vne espece de Dome, pour deffendre contre le vent	merveilles17_i_pie-ballard2
éclairage	le grand nombre de Flambeaux & de Bougies qui deuoient esclairer	merveilles17_i_pie-ballard2
construction	le Theatre	merveilles17_i_pie-ballard2
decor	la decoration estoit fort agreable	merveilles17_i_pie-ballard2
animal	vn Ours	merveilles17_i_pie-ballard2
animal	l’Ours	merveilles17_i_pie-ballard2
animal	l’Ours	merveilles17_i_pie-ballard2
animal	vn autre Ours	merveilles17_i_pie-ballard2
animal	vn des Ours	merveilles17_i_pie-ballard2
trappe	de dessous le Theatre	merveilles17_i_pie-ballard2
machine_musicale	la machine d’vn grand arbre chargé de seize Faunes, dont les huit joüerent de la Fluste, & les autres du Violon auec vn concert le plus agreable du monde	merveilles17_i_pie-ballard2
construction	le Palais d’Alcine	merveilles17_i_pie-ballard2
construction	vn Rocher	merveilles17_i_pie-ballard2
décor	d’vne Isle couuerte de diuers animaux	merveilles17_i_pie-ballard2
décor	Deux autres Isles plus longues, mais d’vne moindre largeur, paroissoient aux deux costez de la premiere	merveilles17_i_pie-ballard2
éclairage	si fort esclairées, que ces lumieres faisoient naistre vn nouueau jour dans l’obscurité de la nuit	merveilles17_i_pie-ballard2
musique	l’vne des deux Isles qui paroissoient aux costez de la premiere, fut toute couuerte de Violons fort bien vestus	merveilles17_i_pie-ballard2
décor	L’autre qui luy estoit opposée	merveilles17_i_pie-ballard2
construction	le Rocher	merveilles17_i_pie-ballard2
machine_aquatique	vn Monstre-Marin d’vne grandeur prodigieuse	merveilles17_i_pie-ballard2
machine_aquatique	de grandes Baleines	merveilles17_i_pie-ballard2
construction	Rondeau	merveilles17_i_pie-ballard2
bruitage	vn coup de Tonnerre	merveilles17_i_pie-ballard2
éclairage	plusieurs esclairs	merveilles17_i_pie-ballard2
feu_d_artifice	Feu d’artifice	merveilles17_i_pie-ballard2
machine_volante	fusées volantes	merveilles17_i_pie-ballard2
feu_d_artifice	Feu d’Artifice	merveilles17_i_pie-ballard2
bruitage	vn bruit & vne longueur extraordinaires	merveilles17_i_pie-ballard2
construction	vn des theatres doubles de son Sallon	merveilles17_i_pie-ballard2
construction	De hautes toilles, des bestimens de bois faits	merveilles17_i_pie1673
éclairage	nombre prodigieux de flambeaux de cire blanche	merveilles17_i_pie1673
éclairage	quatre mille bougies	merveilles17_i_pie1673
décor	un Rond	merveilles17_i_pie1673
construction	hautes palissages	merveilles17_i_pie1673
construction	quatre Portique	merveilles17_i_pie1673
costume	vestu d’un habit à l’antique	merveilles17_i_pie1673
costume	armé à la Grecque	merveilles17_i_pie1673
animal	cheval blanc, bardé de mesme	merveilles17_i_pie1673
animal	un des plus beaux chevaux du monde	merveilles17_i_pie1673
costume	armée à la façon des Grecs	merveilles17_i_pie1673
costume	son Casque tout couvert de plumes couleur de feu	merveilles17_i_pie1673
costume	un habit de cette couleur en broderie d’or & de geais	merveilles17_i_pie1673
machine_du_temps	UN Char	merveilles17_i_pie1673
éclairage	brillante de lumiéres	merveilles17_i_pie1673
machine_du_temps	Char	merveilles17_i_pie1673
animal	Quatre chevaux d’une taille et d’une beauté peu communes, couverts de grandes housses semées de Soleils d’or, & attellez de front	merveilles17_i_pie1673
machine_du_temps	Machine	merveilles17_i_pie1673
machine_du_temps	Char	merveilles17_i_pie1673
costume	des vestes, couleur de feu, enrichies d’argent, & des coëffures de mesme	merveilles17_i_pie1673
machine_terrestre	Char	merveilles17_i_pie1673
éclairage	un nombre infini de lumiéres	merveilles17_i_pie1673
animal	un cheval d’Espagne	merveilles17_i_pie1673
animal	un Eléphant, couvert d’une riche housse	merveilles17_i_pie1673
animal	un Chameau.	merveilles17_i_pie1673
animal	un Ours	merveilles17_i_pie1673
machine_volante	Machine	merveilles17_i_pie1673
construction	un petit Theatre	merveilles17_i_pie1673
construction	hautes palissades	merveilles17_i_pie1673
éclairage	un nombre infini de Chandeliers peints de vert & d’argent, portans chacun vingt-quatre bougies	merveilles17_i_pie1673
costume	vestuës en Masques	merveilles17_i_pie1673
costume	Casques couverts de plumes de differentes couleurs, & leurs habits de la Course	merveilles17_i_pie1673
construction	vn autre rond environné de palissades	merveilles17_i_pie1673
construction	Palais d’Alcine	merveilles17_i_pie1673
construction	toilles, en si peu de temps qu’on avoit lieu de s’en étonner, tout ce rond, d’une espece de dome	merveilles17_i_pie1673
éclairage	grand nombre de Flambeaux & de Bougies	merveilles17_i_pie1673
construction	le Theatre	merveilles17_i_pie1673
animal	un Ours	merveilles17_i_pie1673
animal	l’Ours	merveilles17_i_pie1673
animal	l’Ours	merveilles17_i_pie1673
animal	un autre Ours	merveilles17_i_pie1673
animal	un des Ours	merveilles17_i_pie1673
machine_musicale	machine	merveilles17_i_pie1673
construction	le grand Rondeau	merveilles17_i_pie1673
construction	le Palais d’Alcine	merveilles17_i_pie1673
construction	ce Rondeau	merveilles17_i_pie1673
construction	un Rocher	merveilles17_i_pie1673
décor	Deux autres Isles plus longues	merveilles17_i_pie1673
construction	Rondeau	merveilles17_i_pie1673
éclairage	ces lumiéres	merveilles17_i_pie1673
décor	l’une des deux Isles qui paroissoient aux costez de la premiére	merveilles17_i_pie1673
construction	Rocher	merveilles17_i_pie1673
machine_aquatique	Monstre Marin d’une grandeur prodigieuse.	merveilles17_i_pie1673
machine_aquatique	grandes Baleines	merveilles17_i_pie1673
construction	Rondeau	merveilles17_i_pie1673
éclairage	deux flambeaux	merveilles17_i_pie1673
bruitage	un coup de Tonnerre	merveilles17_i_pie1673
éclairage	plusieurs éclairs	merveilles17_i_pie1673
feu_d_artifice	Feu d’artifice	merveilles17_i_pie1673
	Ballet	merveilles17_i_pie1673
construction	Palais d’AIcine	merveilles17_i_pie1673
machine_volante	nombre des fusées volantes	merveilles17_i_pie1673
feu_d_artifice	Feu d’artifice	merveilles17_i_pie1673
construction	de hautes toilles, des bastimens de bois	merveilles17_i_pieguignard1668_001
éclairage	vn nombre prodigieux de flambeaux de cire blanche	merveilles17_i_pieguignard1668_001
éclairage	quatre mille bougies	merveilles17_i_pieguignard1668_001
	Ballets	merveilles17_i_pieguignard1668_001
construction	vn Rond	merveilles17_i_pieguignard1668_001
construction	hautes palissades	merveilles17_i_pieguignard1668_001
construction	quatre Portiques	merveilles17_i_pieguignard1668_001
costume	vestu d’vn habit à l’antique	merveilles17_i_pieguignard1668_001
costume	fort richement habillé de couleur de feu	merveilles17_i_pieguignard1668_001
costume	habillé de sa livrée de toile d’argent enrichie d’or, avec des plumes incarnates & noires, et les rubans de mesme	merveilles17_i_pieguignard1668_001
costume	vestu de couleur de feu, argent & noir, & le reste de la livrée semblable	merveilles17_i_pieguignard1668_001
costume	habillez de satin couleur de feu, & argent ; leurs plumes de la mesme livrée, & les caparaçons de leurs chevaux couverts d’vne pareille broderie, avec des soleils d’or fort éclattans aux banderoles des Trõpettes, & les couvertures des tymbales	merveilles17_i_pieguignard1668_001
costume	armé à la Grecque	merveilles17_i_pieguignard1668_001
animal	vn des plus beaux chevaux du monde	merveilles17_i_pieguignard1668_001
costume	armée à la façon des Grecs	merveilles17_i_pieguignard1668_001
costume	portant la couleur de feu & le noir, sous vne riche broderie d’argent ; & ses plumes	merveilles17_i_pieguignard1668_001
costume	vn habit de cette couleur en broderie d’or, & de geaix ; ses plumes, son cheval, & sa lance assortissoient à sa livrée	merveilles17_i_pieguignard1668_001
animal	vn cheval blanc bardé de la mesme couleur	merveilles17_i_pieguignard1668_001
costume	vestus, l’vn d’incarnat avec or & argent ; & l’autre de vert, blanc & argent	merveilles17_i_pieguignard1668_001
animal	leurs cheuaux	merveilles17_i_pieguignard1668_001
costume	vestu d’incarnat & blanc ; et l’autre de iaune, blanc & noir, enrichis de broderie d’argent, leur livrée de mesme	merveilles17_i_pieguignard1668_001
costume	l’vn portoit le bleu & argent, & l’autre le bleu, blanc & noir, avec or & argent ; leurs plumes	merveilles17_i_pieguignard1668_001
costume	la couleur de chair & argent, & l’autre gris de lin, blanc, & argent : toute leur livrée estant plus riche, & la mieux assortie du monde	merveilles17_i_pieguignard1668_001
costume	sa livrée la couleur de feu, blanc, & argent : vn grand nombre de diamans estoient attachez sur la magnifique	merveilles17_i_pieguignard1668_001
costume	Broderie, dont sa cuirasse & son bas de soye estoient couverts ; son casque & le harnois de son cheval en estant aussi enrichis	merveilles17_i_pieguignard1668_001
machine_du_temps	VN Char	merveilles17_i_pieguignard1668_001
machine_du_temps	Char	merveilles17_i_pieguignard1668_001
costume	riches habits	merveilles17_i_pieguignard1668_001
machine_du_temps	ce Char	merveilles17_i_pieguignard1668_001
animal	Quatre chevaux d’vne taille & d’vne beauté peu communes	merveilles17_i_pieguignard1668_001
machine_du_temps	Machine	merveilles17_i_pieguignard1668_001
machine_du_temps	ce Char	merveilles17_i_pieguignard1668_001
costume	fort proprement vestus de leurs livrées, avec quantité de plumes	merveilles17_i_pieguignard1668_001
costume	des vestes couleur de feu enrichies d’argent, & des coiffures de mesme	merveilles17_i_pieguignard1668_001
machine_du_temps	Char	merveilles17_i_pieguignard1668_001
éclairage	vn nombre infiny de lumieres	merveilles17_i_pieguignard1668_001
animal	vn cheval d’Espagne	merveilles17_i_pieguignard1668_001
costume	son habit estoit verd en broderie d’argent, & de fleurs au naturel	merveilles17_i_pieguignard1668_001
animal	vn Elephant	merveilles17_i_pieguignard1668_001
animal	vn Chameau.	merveilles17_i_pieguignard1668_001
animal	vn Ours	merveilles17_i_pieguignard1668_001
machine_volante	vne Machine	merveilles17_i_pieguignard1668_001
construction	vn petit Theatre	merveilles17_i_pieguignard1668_001
construction	hautes palissades	merveilles17_i_pieguignard1668_001
éclairage	vn nombre infiny de chãdeliers peints de vert & d’argent, portant chacun vingt-quatre bougies, & deux cens flambeaux de cire blanche, tenus par autant de personnes vestus en Masques	merveilles17_i_pieguignard1668_001
costume	Casques couverts de de plumes de differentes couleurs, & leurs habits de la Course	merveilles17_i_pieguignard1668_001
construction	le Palais d’Alcine	merveilles17_i_pieguignard1668_001
décor	l’Isle flotante	merveilles17_i_pieguignard1668_001
construction	toilles	merveilles17_i_pieguignard1668_001
construction	tout ce rond d’vne espece de Dome	merveilles17_i_pieguignard1668_001
éclairage	le grãd nõbre de Flambeaux & de Bougies	merveilles17_i_pieguignard1668_001
construction	le Theatre	merveilles17_i_pieguignard1668_001
	Commedie	merveilles17_i_pieguignard1668_001
	courses de Chars	merveilles17_i_pieguignard1668_001
	la Comedie	merveilles17_i_pieguignard1668_001
	le Theatre la machine	merveilles17_i_pieguignard1668_001
	vn concert	merveilles17_i_pieguignard1668_001
construction	le grand Rondeau	merveilles17_i_pieguignard1668_001
construction	le Palais d’Alcine	merveilles17_i_pieguignard1668_001
construction	ce Rondeau	merveilles17_i_pieguignard1668_001
construction	vn rocher	merveilles17_i_pieguignard1668_001
décor	vne Isle	merveilles17_i_pieguignard1668_001
animal	divers animaux	merveilles17_i_pieguignard1668_001
décor	Deux autres Isles	merveilles17_i_pieguignard1668_001
construction	Rondeau	merveilles17_i_pieguignard1668_001
éclairage	ces lumieres	merveilles17_i_pieguignard1668_001
décor	vne des deux Isles qui paroissoient aux costez de la premiere	merveilles17_i_pieguignard1668_001
construction	le rocher	merveilles17_i_pieguignard1668_001
machine_aquatique	Monstre Marin d’vne grandeur prodigieuse.	merveilles17_i_pieguignard1668_001
machine_aquatique	grãdes Baleines	merveilles17_i_pieguignard1668_001
construction	Rondeau	merveilles17_i_pieguignard1668_001
éclairage	deux flambeaux	merveilles17_i_pieguignard1668_001
bruitage	vn coup de tonnerre	merveilles17_i_pieguignard1668_001
éclairage	plusieurs éclairs	merveilles17_i_pieguignard1668_001
construction	Palais	merveilles17_i_pieguignard1668_001
feu_d_artifice	vn feu d’artifice	merveilles17_i_pieguignard1668_001
construction	Palais d’Alcine	merveilles17_i_pieguignard1668_001
machine_volante	fusées volantes	merveilles17_i_pieguignard1668_001
feu_d_artifice	Feu d’artifice	merveilles17_i_pieguignard1668_001
bruitage	vn bruit & vne lõgueur extraordinaire	merveilles17_i_pieguignard1668_001
construction	vn de ces Theatres doubles	merveilles17_i_pieguignard1668_001
construction	Le Théatre	merveilles17_ms_amours-philidor
construction	Palais d’Alcine	merveilles17_ms_pie-bizincourt
musique	musique	merveilles17_ms_pie-bizincourt
machine_terrestre	vn Char	merveilles17_ms_pie-bizincourt
construction	vn des quatre Portiques	merveilles17_ms_pie-bizincourt
éclairage	nombre infiny de lumieres	merveilles17_ms_pie-bizincourt
machine_volante	vne Machine portée en l’Air	merveilles17_ms_pie-bizincourt
musique	vn concert de Musique	merveilles17_ms_pie-bizincourt
costume	armez à la Grecques	merveilles17_ms_pie-bizincourt
construction	son Palais	merveilles17_ms_pie-bizincourt
décor	deux Îles sutucés aux deux cotez du Palais d’Alcine	merveilles17_ms_pie-bizincourt
construction	le Palais	merveilles17_ms_pie-bizincourt
éclairage	deux flambeaux	merveilles17_ms_pie-bizincourt
construction	Palais	merveilles17_ms_pie-bizincourt
construction	Palais	merveilles17_ms_pie-bizincourt
feu_d_artifice	feu d’artifice	merveilles17_ms_pie-bizincourt
construction	De hautes toiles, des bastimens de bois	merveilles17_ms_piephilidor_001
éclairage	vn nombre prodigieux de flambeaux de cire blanche	merveilles17_ms_piephilidor_001
éclairage	quatre mille bougies	merveilles17_ms_piephilidor_001
construction	hautes palissades	merveilles17_ms_piephilidor_001
construction	quatre portiques	merveilles17_ms_piephilidor_001
costume	vestu d’vn habit à l’antique	merveilles17_ms_piephilidor_001
costume	armé à la Grecque	merveilles17_ms_piephilidor_001
costume	armée à la façon des Grecs	merveilles17_ms_piephilidor_001
machine_terrestre	Vn char	merveilles17_ms_piephilidor_001
éclairage	brillante de lumieres	merveilles17_ms_piephilidor_001
machine_du_temps	char	merveilles17_ms_piephilidor_001
machine__du_temps	Char	merveilles17_ms_piephilidor_001
animal	Quatre cheuaux d’vne taille, et d’vne beauté peu communes	merveilles17_ms_piephilidor_001
machine_du_temps	Machine	merveilles17_ms_piephilidor_001
costume	habillez fort superbement	merveilles17_ms_piephilidor_001
machine_du_temps	char	merveilles17_ms_piephilidor_001
costume	vetus de leurs liurées, auec quantité de plumes	merveilles17_ms_piephilidor_001
machine_du_temps	char	merveilles17_ms_piephilidor_001
éclairage	vn nombre Infiny de lumieres	merveilles17_ms_piephilidor_001
animal	un cheual d’Espagne	merveilles17_ms_piephilidor_001
costume	Son habit estoit vert en broderie d’argent, et de fleurs au naturel	merveilles17_ms_piephilidor_001
animal	un Elephant	merveilles17_ms_piephilidor_001
animal	vn Chameau	merveilles17_ms_piephilidor_001
animal	vn Ours	merveilles17_ms_piephilidor_001
costume	Vêtus d’habits conformes à cette profession, mais fort riches	merveilles17_ms_piephilidor_001
machine_terrestre	vne machine	merveilles17_ms_piephilidor_001
construction	Theatre	merveilles17_ms_piephilidor_001
construction	hautes palissades	merveilles17_ms_piephilidor_001
éclairage	Vn nombre infiny de chandeliers peints de vert, et d’argent, portant chacun vingt quatre bougies, et deux cens flambeaux de cire blanche	merveilles17_ms_piephilidor_001
costume	auec leurs casques couuerts de plumes de differentes couleurs, et leurs habits de la Course	merveilles17_ms_piephilidor_001
construction	Rondeau	merveilles17_ms_piephilidor_001
construction	ce Rondeau	merveilles17_ms_piephilidor_001
construction	vn Rocher	merveilles17_ms_piephilidor_001
décor	vne Isle	merveilles17_ms_piephilidor_001
animal	couuerte de diuers animaux, comme s’ils eussent voulu en défendre l’entrée.	merveilles17_ms_piephilidor_001
décor	Deux autres Isles plus longues	merveilles17_ms_piephilidor_001
construction	Rondeau	merveilles17_ms_piephilidor_001
éclairage	ces lumieres	merveilles17_ms_piephilidor_001
décor	vne des deux Isles qui paroissoient aux costez de la premiere	merveilles17_ms_piephilidor_001
décor	L'autre qui estoit opposée	merveilles17_ms_piephilidor_001
construction	le Rocher	merveilles17_ms_piephilidor_001
machine_aquatique	grandes Balaines	merveilles17_ms_piephilidor_001
construction	Rondeau	merveilles17_ms_piephilidor_001
construction	Palais d’Alcine	merveilles17_ms_piephilidor_001
construction	Palais d’Alcine	merveilles17_ms_piephilidor_001
machine_volante	le nombre des fusées volantes	merveilles17_ms_piephilidor_001
feu_d_artifice	feu d’artifice	merveilles17_ms_piephilidor_001
bruitage	vn bruit, et vne longueur extraordinaire	merveilles17_ms_piephilidor_001
construction	vn de ces Théatres doubles	merveilles17_ms_piephilidor_001
construction	Théâtre	merveilles17_p_gazette16640216
décor	la premiére décoration du Théatre; & se change en vne Mer	merveilles17_p_gazette16640216
costume	déguisez en Rameurs	merveilles17_p_gazette16640216
costume	Iardiniers	merveilles17_p_gazette16640216
costume	déguisez, aussi	merveilles17_p_gazette16640216
décor	Palais enchanté d’Armide	merveilles17_p_gazette16640216
costume	l’habit de Bergers	merveilles17_p_gazette16640216
décor	Palais	merveilles17_p_gazette16640216
machine_aquatique	Machine	merveilles17_p_gazette16640216
machine_aquatique	Conque marine	merveilles17_p_gazette16640216
costume	Nymphes	merveilles17_p_gazette16640216
éclairage	Flambeaux	merveilles17_p_gazette16640216
costume	Grecs	merveilles17_p_gazette16640216
éclairage	flambeaux	merveilles17_p_gazette16640216
éclairage	infinité de cierges	merveilles17_p_gazette16640216
éclairage	plus de deux mille lumiéres	merveilles17_p_gazette16640510
feu_d_artifice	feu d’Artifice	merveilles17_p_gazette16640510
musique	Musique	merveilles17_p_gazette16640528
construction	grands Portiques de verdure	merveilles17_p_gazette16640528
construction	vn Rond	merveilles17_p_gazette16640528
construction	hauts Dais	merveilles17_p_gazette16640528
construction	Echafaux	merveilles17_p_gazette16640528
costume	richement vestus à la Gréque	merveilles17_p_gazette16640528
machine_du_temps	vn Char de Triomphe	merveilles17_p_gazette16640528
machine_du_temps	roulante Machine	merveilles17_p_gazette16640528
animal	quatre grands chevaux qui représentoyent les quatre Saisons, par les différantes couleurs de leur poil.	merveilles17_p_gazette16640528
machine_du_temps	le Char	merveilles17_p_gazette16640528
éclairage	nombre infini de flambeaux sur des chandeliers suspendus	merveilles17_p_gazette16640528
animal	vn cheval de Naples	merveilles17_p_gazette16640528
animal	vn Eléphant d’Ethiopie	merveilles17_p_gazette16640528
animal	vn Chameau d’Asie	merveilles17_p_gazette16640528
animal	vn Ours d’Hybernie	merveilles17_p_gazette16640528
animal	les 4 Animaux	merveilles17_p_gazette16640528
machine-terrestre	vne Machine	merveilles17_p_gazette16640528
machine-terrestre	Machine	merveilles17_p_gazette16640528
éclairage	des flambeaux	merveilles17_p_gazette16640528
machine	les Machines	merveilles17_p_gazette16640528
construction	Echafaut	merveilles17_p_gazette16640528
éclairage	72 flambeaux	merveilles17_p_gazette16640528
construction	Echafaux, vis à vis vn autre Portique fermé par vn Rideau	merveilles17_p_gazette16640528
éclairage	quantité de Lustres	merveilles17_p_gazette16640528
construction	vn Rondeau	merveilles17_p_gazette16640528
construction	vn Rocher	merveilles17_p_gazette16640528
construction	vn autre de huit pieds de large, & d’autant de haut	merveilles17_p_gazette16640528
décor	cette Isle	merveilles17_p_gazette16640528
construction	encor deux	merveilles17_p_gazette16640528
construction	Ces Rochers	merveilles17_p_gazette16640528
costume	vestus de tres magnifiques habits	merveilles17_p_gazette16640528
construction	Rondeau	merveilles17_p_gazette16640528
éclairage	prodigieuse quantité de flambeaux d’autres lumiéres	merveilles17_p_gazette16640528
construction	Amphitéatres	merveilles17_p_gazette16640528
décor	l’Isle	merveilles17_p_gazette16640528
construction	Rochers	merveilles17_p_gazette16640528
construction	Rondeau	merveilles17_p_gazette16640528
construction	Palais	merveilles17_p_gazette16640528
trappe	artifice	merveilles17_p_gazette16640528
construction	Rocher	merveilles17_p_gazette16640528
construction	Palais	merveilles17_p_gazette16640528
construction	Rocher	merveilles17_p_gazette16640528
machine	Machines	merveilles17_p_gazette16640528
construction	les Rochers	merveilles17_p_gazette16640528
éclairage	deux flambeaux	merveilles17_p_gazette16640528
costume	déguisée en	merveilles17_p_gazette16640528
construction	Palais	merveilles17_p_gazette16640528
éclairage	vn flambeau	merveilles17_p_gazette16640528
feux-d'artifice	Feu d’artifice	merveilles17_p_gazette16640528
costume	Les habits êtoient admirables	merveilles17_p_loret16640216
costume	habits fort galans	merveilles17_p_loret16640510
costume	D’argent, de soye et d’or, brillans	merveilles17_p_loret16640510
éclairage	deux mille bougies	merveilles17_p_loret16640510
éclairage	Feux	merveilles17_p_loret16640510
feu_d_artifice	Mille feux	merveilles17_p_loret16640510
machine	Machines surprenantes	merveilles17_p_loret16640510
costume	Vêtu d’un fort beau cramoisy	merveilles17_p_loret16640802
costume	brillante Livrée	merveilles17_p_loret16640802
éclairage	flambeaux	merveilles17_p_loret16640802
décor	Mille beaux rubans	merveilles17_p_loret16640809
