lieu_code	document_code	anchor	occurrence	desc
versailles_jardins_bassin-apollon	merveilles17_img_ano13238_068	placeName		
versailles_jardins	merveilles17_img_ano13239_081	placeName1		
versailles_chateau	merveilles17_img_ano13239_081	placeName2		
versailles_jardins_bassin-apollon	merveilles17_img_ano13242b_002	placeName		
versailles_cour	merveilles17_img_dv1alceste	placeName	Versailles dans la cour de marbre du Chasteau	
versailles_trianon	merveilles17_img_dv2concerts	placeName	Jardin de Trianon	
versailles_jardins	merveilles17_img_dv3comedie	placeName1	Jardin de Versailles	
versailles_jardins_grotte-thetis	merveilles17_img_dv3comedie	placeName2	la Grotte	
versailles_cour	merveilles17_img_dv4festin	placeName	la cour de marbre du Chasteau de Versailles	
versailles_canal	merveilles17_img_dv5feu	placeName	le Canal de Versailles	
versailles_canal	merveilles17_img_dv6illuminations	placeName	grand Canal de Versailles	
versailles_jardins_bassin-apollon	merveilles17_img_pie3theatre	placeName1		
versailles_jardins_bassin-apollon	merveilles17_img_pie3theatre	placeName2	grand Estang	
versailles_jardins	merveilles17_img_piefront	placeName1		
versailles_chateau	merveilles17_img_piefront	placeName2		
versailles_chateau	merveilles17_img_piefront	placeName3	CHASTEAV DE VERSAILLE	
versailles	merveilles17_img_piefront	placeName4	Versailles	
versailles_jardins_bassin-apollon	merveilles17_img_verslamb2579	placeName		
paris	merveilles17_imp_amoursdballard1664	placeName	PARIS	
	merveilles17_imp_anonyme_1685-styl_GL_YD	placeName1	Versailles	
	merveilles17_imp_anonyme_1685-styl_GL_YD	placeName2	PARIS	
	merveilles17_imp_anonyme_1685-styl_GL_YD	placeName3	Grenade	
	merveilles17_imp_anonyme_1685-styl_GL_YD	placeName4	la France	
	merveilles17_imp_anonyme_1685-styl_GL_YD	placeName5	France	
	merveilles17_imp_anonyme_1685-styl_GL_YD	placeName6	Grenade	
	merveilles17_imp_anonyme_1685-styl_GL_YD	placeName7	Grenade	
	merveilles17_imp_anonyme_1685-styl_GL_YD	placeName8	Grenade	
	merveilles17_imp_anonyme_1685-styl_GL_YD	placeName9	Grenade	
	merveilles17_imp_anonyme_1685-styl_GL_YD	placeName10	Grenade	
	merveilles17_imp_anonyme_1685-styl_GL_YD	placeName11	Grenade	
	merveilles17_imp_anonyme_1685-styl_GL_YD	placeName12	Cordouë	
	merveilles17_imp_anonyme_1685-styl_GL_YD	placeName13	Marroc	
	merveilles17_imp_anonyme_1685-styl_GL_YD	placeName14	Fez	
	merveilles17_imp_anonyme_1685-styl_GL_YD	placeName15	Grenade	
	merveilles17_imp_anonyme_1685-styl_GL_YD	placeName16	Cuco	
	merveilles17_imp_anonyme_1685-styl_GL_YD	placeName17	Alhambre	
	merveilles17_imp_anonyme_1685-styl_GL_YD	placeName18	Tours Dermeilles	
	merveilles17_imp_anonyme_1685-styl_GL_YD	placeName19	Place de Vivaramble	
	merveilles17_imp_anonyme_1685-styl_GL_YD	placeName20	Grenade	
	merveilles17_imp_anonyme_1685-styl_GL_YD	placeName21	seconde Cour du Château	
	merveilles17_imp_anonyme_1685-styl_GL_YD	placeName22	France	
	merveilles17_imp_anonyme_1685-styl_GL_YD	placeName23	Versailles	
	merveilles17_imp_anonyme_1685-styl_GL_YD	placeName24	France	
	merveilles17_imp_anonyme_1685-styl_GL_YD	placeName25	Grenade	
versailles	merveilles17_imp_bussyrabutin1664_1	placeName	Versailles	
paris_place-vosges	merveilles17_imp_ctb-perrault1670	placeName1	La Place Royale	
paris_place_tuileries	merveilles17_imp_ctb-perrault1670	placeName2	la grande Place	
paris_tuileries_chateau	merveilles17_imp_ctb-perrault1670	placeName3	Palais des Thuilleries	
paris_place_tuileries	merveilles17_imp_ctb-perrault1670	placeName4	la Grande Place	
paris_hotel-vendome	merveilles17_imp_ctb-perrault1670	placeName5	l’Hostel de Vandôme	
paris_rue-richelieu	merveilles17_imp_ctb-perrault1670	placeName6	ruës de Richelieu	
paris_rue-saint-honore	merveilles17_imp_ctb-perrault1670	placeName7	S. Honoré	
paris_rue-saint-nicaise	merveilles17_imp_ctb-perrault1670	placeName8	S. Nicaise	
paris_hotel-vendome	merveilles17_imp_ctb-perrault1670	placeName9	l’Hostel de Vandôme	
paris_place_tuileries	merveilles17_imp_ctb-perrault1670	placeName10	l’entrée de l’Amphitheatre	
paris_place_tuileries	merveilles17_imp_ctb-perrault1670	placeName11	l’entrée de l’Amphitheatre	
paris_tuileries_chateau	merveilles17_imp_ctb-perrault1670	placeName12	Palais des Tuilleries	
paris_tuileries_theatre	merveilles17_imp_ctb-perrault1670	placeName13	salle des Comedies	
paris_tuileries_chateau	merveilles17_imp_ctb-perrault1670	placeName14	Les Tuilleries	
paris_louvre	merveilles17_imp_ctb-perrault1670	placeName15	Grande Gallerie	
paris_place_tuileries	merveilles17_imp_ctb-perrault1670	placeName16	l’Amphiteatre	
paris_place_tuileries	merveilles17_imp_ctb-perrault1670	placeName17	l’Echafaut des Reynes	
paris_arsenal	merveilles17_imp_ctb-perrault1670	placeName18	l’Arsenal	
paris_place-vosges	merveilles17_imp_ctb-perrault1670	placeName19	la Place Royale	
paris_rue-saint-antoine	merveilles17_imp_ctb-perrault1670	placeName20	la ruë Saint Antoine	
paris_rue-saint-honore	merveilles17_imp_ctb-perrault1670	placeName21	la ruë Saint Honoré	
paris_tuileries_chateau	merveilles17_imp_ctb-perrault1670	placeName22	Palais des Thuilleries	
franche-comte	merveilles17_imp_dv-felibien1676	placeName1	Franche-Comté	
versailles	merveilles17_imp_dv-felibien1676	placeName2	VERSAILLES	
versailles_cour	merveilles17_imp_dv-felibien1676	placeName3	la cour du Chasteau	
versailles_chateau	merveilles17_imp_dv-felibien1676	placeName4	Chasteau	
versailles_jardins	merveilles17_imp_dv-felibien1676	placeName5	Marais	
versailles_jardins	merveilles17_imp_dv-felibien1676	placeName6	le Marais	
versailles_chateau	merveilles17_imp_dv-felibien1676	placeName7	Chasteau	
versailles_cour	merveilles17_imp_dv-felibien1676	placeName8	la petite cour	
versailles_chateau	merveilles17_imp_dv-felibien1676	placeName9	le Chasteau	
versailles_chateau	merveilles17_imp_dv-felibien1676	placeName10	le Chasteau	
versailles_jardins	merveilles17_imp_dv-felibien1676	placeName11	le Parc de VERSAILLES	
versailles_trianon	merveilles17_imp_dv-felibien1676	placeName12	TRIANON	
versailles_jardins	merveilles17_imp_dv-felibien1676	placeName13	le grand Parc	
versailles_trianon	merveilles17_imp_dv-felibien1676	placeName14	TRIANON	
versailles_jardins	merveilles17_imp_dv-felibien1676	placeName15	petit Parc	
versailles_jardins_obelisque	merveilles17_imp_dv-felibien1676	placeName16	la SALE DU CONSEIL	
versailles_jardins_menagerie	merveilles17_imp_dv-felibien1676	placeName17	la MENAGERIE	
versailles_jardins	merveilles17_imp_dv-felibien1676	placeName18	le Parc de VERSAILLES	
versailles_trianon	merveilles17_imp_dv-felibien1676	placeName19	TRIANON	
versailles_canal	merveilles17_imp_dv-felibien1676	placeName20	le canal	
versailles_jardins_grotte-thetis	merveilles17_imp_dv-felibien1676	placeName21	la GROTTE	
versailles_jardins_grotte-thetis	merveilles17_imp_dv-felibien1676	placeName22	la Grotte	
versailles_jardins_petit-parc	merveilles17_imp_dv-felibien1676	placeName23	petit Parc	
versailles_jardins_dragon	merveilles17_imp_dv-felibien1676	placeName24	l’allée du Dragon	
versailles_jardins	merveilles17_imp_dv-felibien1676	placeName25	la tour d’eau	
versailles_jardins	merveilles17_imp_dv-felibien1676	placeName26	un jardin	
versailles_jardins_petit-parc	merveilles17_imp_dv-felibien1676	placeName27	le petit Parc	
versailles_jardins_bassin-apollon	merveilles17_imp_dv-felibien1676	placeName28	le bassin d’Apollon	
versailles_canal	merveilles17_imp_dv-felibien1676	placeName29	le canal	
versailles_jardins	merveilles17_imp_dv-felibien1676	placeName30	le grand Parc	
versailles_chateau	merveilles17_imp_dv-felibien1676	placeName31	Chasteau	
versailles_canal	merveilles17_imp_dv-felibien1676	placeName32	Canal	
versailles_cour	merveilles17_imp_dv-felibien1676	placeName33	la petite cour de marbre	
versailles_jardins_petit-parc	merveilles17_imp_dv-felibien1676	placeName34	le petit Parc	
versailles_orangerie	merveilles17_imp_dv-felibien1676	placeName35	l’Orangerie	
versailles_canal	merveilles17_imp_dv-felibien1676	placeName36	milieu du Canal	
versailles_jardins_bassin-apollon	merveilles17_imp_dv-felibien1676	placeName37	le bassin d’Apollon	
versailles_canal	merveilles17_imp_dv-felibien1676	placeName38	le Canal	
versailles_canal	merveilles17_imp_dv-felibien1676	placeName39	Canal	
versailles_canal	merveilles17_imp_dv-felibien1676	placeName40	le Canal	
versailles_canal	merveilles17_imp_dv-felibien1676	placeName41	Canal	
versailles_canal	merveilles17_imp_dv-felibien1676	placeName42	Canal	
versailles_canal	merveilles17_imp_dv-felibien1676	placeName43	Canal	
versailles_canal	merveilles17_imp_dv-felibien1676	placeName44	le Canal	
versailles_canal	merveilles17_imp_dv-felibien1676	placeName45	les bords du grand Canal	
versailles_chateau	merveilles17_imp_dv-felibien1676	placeName46	Chasteau	
versailles_jardins_grande-terrasse	merveilles17_imp_dv-felibien1676	placeName47	La grande terasse	
versailles_jardins_petit-parc	merveilles17_imp_dv-felibien1676	placeName48	le petit Parc	
versailles_jardins_bassin-apollon	merveilles17_imp_dv-felibien1676	placeName49	le bassin d’Apollon	
versailles_canal	merveilles17_imp_dv-felibien1676	placeName50	le grand Canal	
versailles_jardins_bassin-apollon	merveilles17_imp_dv-felibien1676	placeName51	bassin d’Apollon	
versailles_canal	merveilles17_imp_dv-felibien1676	placeName52	le Canal	
versailles_jardins	merveilles17_imp_dv-felibien1676	placeName53	le grand Parc de Versailles	
versailles_canal	merveilles17_imp_dv-felibien1676	placeName54	grand Canal	
versailles_trianon	merveilles17_imp_dv-felibien1676	placeName55	Trianon	
versailles_jardins_menagerie	merveilles17_imp_dv-felibien1676	placeName56	la Ménagerie	
versailles_canal	merveilles17_imp_dv-felibien1676	placeName57	grand Canal	
versailles	merveilles17_imp_dv-felibien1676	placeName58	Versailles	
versailles_canal	merveilles17_imp_dv-felibien1676	placeName59	grand Canal	
versailles_canal	merveilles17_imp_dv-felibien1676	placeName60	le Canal	
versailles_canal	merveilles17_imp_dv-felibien1676	placeName61	Au milieu du Canal	
versailles_trianon	merveilles17_imp_dv-felibien1676	placeName62	Trianon	
versailles_jardins_menagerie	merveilles17_imp_dv-felibien1676	placeName63	la Ménagerie	
versailles_trianon	merveilles17_imp_dv-felibien1676	placeName64	Trianon	
versailles_jardins_menagerie	merveilles17_imp_dv-felibien1676	placeName65	Ménagerie	
versailles_canal	merveilles17_imp_dv-felibien1676	placeName66	au bas du Canal	
versailles_canal	merveilles17_imp_dv-felibien1676	placeName67	Canal	
versailles_chateau	merveilles17_imp_dv-felibien1676	placeName68	Chasteau	
versailles	merveilles17_imp_dv-felibien1676	placeName69	Versailles	
versailles_jardins_petit-parc	merveilles17_imp_dv-felibien1676	placeName70	petit Parc	
paris_palais-royal	merveilles17_imp_gazette16640216	placeName	Palais Royal	
versailles	merveilles17_imp_gazette16640510	placeName	Versailles	
france	merveilles17_imp_gazette16640528	placeName1	France	
versailles_jardins_petit-parc	merveilles17_imp_gazette16640528	placeName2	Petit Parc	
versailles_jardins_grande-allee	merveilles17_imp_gazette16640528	placeName3	au milieu de la grande Allée qui regarde le Chasteau de Versailles	
versailles_jardins_avenues	merveilles17_imp_gazette16640528	placeName4	trois Avenües	
versailles_jardins	merveilles17_imp_gazette16640528	placeName5	milieu de la Place	
versailles_jardins_petit-parc	merveilles17_imp_gazette16640528	placeName6	petit Parc de Versailles	
versailles_jardins	merveilles17_imp_gazette16640528	placeName7	vne tres grande Sale	
versailles_jardins	merveilles17_imp_gazette16640528	placeName8	Théâtre	
versailles_jardins	merveilles17_imp_gazette16640528	placeName9	au bout de la mesme Allée en Ovale	
versailles_jardins	merveilles17_imp_gazette16640528	placeName10	au milieu d’vne Plaine	
versailles	merveilles17_imp_gdv-felibien1668	placeName2	Versailles	
europe	merveilles17_imp_gdv-felibien1668	placeName3	l’Europe	
france	merveilles17_imp_gdv-felibien1668	placeName4	Royaume	
versailles_jardins	merveilles17_imp_gdv-felibien1668	placeName5	jardins de Versailles	
saint-germain	merveilles17_imp_gdv-felibien1668	placeName6	Saint Germain	 Le   Mercredy 18. jour de Juillet   le Roy estant party de Saint Germain vint disner à Versailles avec la Reine, Monseigneur le Dauphin, Monsieur & Madame ; Le reste de la Cour estant arrivé incontinent aprés midy, trouva des Officiers du Roy qui faisoient les honneurs & recevoient tout le monde dans les salles du Chasteau où il y avoit en plusieurs endroits des tables dressées & dequoy se refraischir ; les principales Dames furent conduites dans des chambres particulieres pour se reposer.
versailles	merveilles17_imp_gdv-felibien1668	placeName7	Versailles	 Le   Mercredy 18. jour de Juillet   le Roy estant party de Saint Germain vint disner à Versailles avec la Reine, Monseigneur le Dauphin, Monsieur & Madame ; Le reste de la Cour estant arrivé incontinent aprés midy, trouva des Officiers du Roy qui faisoient les honneurs & recevoient tout le monde dans les salles du Chasteau où il y avoit en plusieurs endroits des tables dressées & dequoy se refraischir ; les principales Dames furent conduites dans des chambres particulieres pour se reposer.
versailles_chateau	merveilles17_imp_gdv-felibien1668	placeName8	Chasteau	 Le   Mercredy 18. jour de Juillet   le Roy estant party de Saint Germain vint disner à Versailles avec la Reine, Monseigneur le Dauphin, Monsieur & Madame ; Le reste de la Cour estant arrivé incontinent aprés midy, trouva des Officiers du Roy qui faisoient les honneurs & recevoient tout le monde dans les salles du Chasteau où il y avoit en plusieurs endroits des tables dressées & dequoy se refraischir ; les principales Dames furent conduites dans des chambres particulieres pour se reposer.
versailles_chateau	merveilles17_imp_gdv-felibien1668	placeName9	Chasteau	Sur les six heures du soir le Roy ayant commandé au Marquis de Gesvres Capitaine de ses Gardes de faire ouvrir toutes les portes afin qu’il n’y eust personne qui ne prist part au divertisse- ment, sortit du Chasteau avec la Reine & tout le reste de la Cour pour prendre le plaisir de la promenade. 
versailles_jardins	merveilles17_imp_gdv-felibien1668	placeName10	parterre	Quand leurs Majestez eurent fait le tour du parterre, elles descendirent dans celuy de gazon qui est du costé de la grotte, où aprés avoir considéré les fontaines qui les embellissent, Elles s’arresterent particulierement à regarder celle qui est au bas du petit parc du costé de la pompe. Dans le milieu de son bassin l’on voit un dragon de bronze, qui percé d’une fléche semble vomir le sang par la gueule, en poussant en l’air un boüillon d’eau qui retombe en pluye, & couvre tout le bassin. 
versailles_jardins_petit-parc	merveilles17_imp_gdv-felibien1668	placeName11	petit parc	Quand leurs Majestez eurent fait le tour du parterre, elles descendirent dans celuy de gazon qui est du costé de la grotte, où aprés avoir considéré les fontaines qui les embellissent, Elles s’arresterent particulierement à regarder celle qui est au bas du petit parc du costé de la pompe. Dans le milieu de son bassin l’on voit un dragon de bronze, qui percé d’une fléche semble vomir le sang par la gueule, en poussant en l’air un boüillon d’eau qui retombe en pluye, & couvre tout le bassin. 
versailles_jardins_dragon	merveilles17_imp_gdv-felibien1668	placeName12	bassin	Quand leurs Majestez eurent fait le tour du parterre, elles descendirent dans celuy de gazon qui est du costé de la grotte, où aprés avoir considéré les fontaines qui les embellissent, Elles s’arresterent particulierement à regarder celle qui est au bas du petit parc du costé de la pompe. Dans le milieu de son bassin l’on voit un dragon de bronze, qui percé d’une fléche semble vomir le sang par la gueule, en poussant en l’air un boüillon d’eau qui retombe en pluye, & couvre tout le bassin. 
versailles_jardins_dragon	merveilles17_imp_gdv-felibien1668	placeName13	dragon	Autour de ce dragon il y a quatre petits Amours sur des cignes qui font chacun un grand jet d’eau & qui nagent vers le bord comme pour se souver : Deux de ces Amours qui sont en face du dragon, se cachent le visage avec la main pour ne le pas voir, & sur leur visage l’on apperçoit toutes les marques de la crainte parfaitement exprimées. Les deux autres plus hardis parce que le monstre n’est pas tourné de leur costé, l’attaquent de leurs armes. Entre ces Amours sont des Dauphins de bronze dont la gueule ouverte pousse en l’air de gros boüillons d’eau. 
versailles_jardins_dragon	merveilles17_imp_gdv-felibien1668	placeName14	dragon	Autour de ce dragon il y a quatre petits Amours sur des cignes qui font chacun un grand jet d’eau & qui nagent vers le bord comme pour se souver : Deux de ces Amours qui sont en face du dragon, se cachent le visage avec la main pour ne le pas voir, & sur leur visage l’on apperçoit toutes les marques de la crainte parfaitement exprimées. Les deux autres plus hardis parce que le monstre n’est pas tourné de leur costé, l’attaquent de leurs armes. Entre ces Amours sont des Dauphins de bronze dont la gueule ouverte pousse en l’air de gros boüillons d’eau. 
versailles_jardins	merveilles17_imp_gdv-felibien1668	placeName15	bocquets	Leur Majestez allerent ensuite chercher le frais dans ces bocquets si délicieux où l’épaisseur des arbres empesche que le soleil ne se fasse sentir. Lors qu’Elles furent dans celuy dont un grand nombre d’agreables allées forme une espece de labyrinte, Elles arriverent aprés plusieurs détours dans un cabinet de verdure pentagone où aboutissent cinq allées. Au milieu de ce cabinet il y a une fontaine dont le bassin est bordé de gazon. De ce bassin sortoient cinq tables en maniere de bufets, chargées de toutes les choses qui peuvent composer une colation magnifique. 
versailles_jardins	merveilles17_imp_gdv-felibien1668	placeName16	cabinet	Leur Majestez allerent ensuite chercher le frais dans ces bocquets si délicieux où l’épaisseur des arbres empesche que le soleil ne se fasse sentir. Lors qu’Elles furent dans celuy dont un grand nombre d’agreables allées forme une espece de labyrinte, Elles arriverent aprés plusieurs détours dans un cabinet de verdure pentagone où aboutissent cinq allées. Au milieu de ce cabinet il y a une fontaine dont le bassin est bordé de gazon. De ce bassin sortoient cinq tables en maniere de bufets, chargées de toutes les choses qui peuvent composer une colation magnifique. 
versailles_jardins	merveilles17_imp_gdv-felibien1668	placeName17	cabinet	Leur Majestez allerent ensuite chercher le frais dans ces bocquets si délicieux où l’épaisseur des arbres empesche que le soleil ne se fasse sentir. Lors qu’Elles furent dans celuy dont un grand nombre d’agreables allées forme une espece de labyrinte, Elles arriverent aprés plusieurs détours dans un cabinet de verdure pentagone où aboutissent cinq allées. Au milieu de ce cabinet il y a une fontaine dont le bassin est bordé de gazon. De ce bassin sortoient cinq tables en maniere de bufets, chargées de toutes les choses qui peuvent composer une colation magnifique. 
versailles_jardins	merveilles17_imp_gdv-felibien1668	placeName18	cabinet	La palissade qui fait l’enceinte de ce cabinet estoit disposée d’une maniere toute particuliere : Le Jardinier ayant employé son industrie à bien ployer les branches des arbres & à les lier ensemble de diverses façons, en avoit formé une espece d’architecture. Dans le milieu du couronnement on voyoit un socle de verdure sur lequel il y avoit un dé qui portoit un vase remply de fleurs. Au costé du dé & sur le mesme socle estoient deux autres vases de  fleurs, & en cet endroit le haut de la palissade venant doucement à s’arrondir en forme de galbe, se terminoit aux deux extrémitez par deux autres vases aussi remplis de fleurs. 
versailles_jardins	merveilles17_imp_gdv-felibien1668	placeName19	cabinet	Au lieu de sieges de gazon il y avoit tout au tour du cabinet des couches de melons, dont la quantité, la grosseur & la bonté estoit surprenante pour la saison. Ces couches estoient faites d’une maniere toute extraordinaire, & à bien considerer la beauté de ce lieu l’on auroit pû dire autrefois que les hommes n’auroient point eu de part à un si bel arangement, mais que quelques Divinitez de ces bois auroient employé leurs soins pour l’embellir de la sorte. 
versailles_jardins	merveilles17_imp_gdv-felibien1668	placeName20	cabinet	Comme il y a cinq allées qui se terminent toutes dans ce cabinet & qui forment une étoile, l’on trouvoit ces allées ornées de chacun costé de vingt-six arcades de cyprés. Sous chaque arcade & sur des sieges de gazon il y avoit de grands vases remplis de divers arbres chargez de leurs fruits. Dans la premiere de ces allées il n’y avoit que des orangers de Portugal. La seconde estoit toute de bigarottiers & de cerisiers meslez ensemble. La troisième estoit bordée d'abricottier & de peschers. La quatriéme de groisilliers de Hollande. Et dans la cinquiéme  l’on ne voyoit que des poiriers de differente espece. Tous ces arbres faisoient un agreable objet à la veuë, à cause de leurs fruits qui paroissoient encore davantage contre l’épaisseur du bois. 
versailles_jardins	merveilles17_imp_gdv-felibien1668	placeName21	cabinet	Au bout de ces cinq allées il y a cinq grandes niches de verdure que l’on voit toutes en face du milieu du cabinet. Ces niches estoient cintrées ; & sur les pilastres des costez s’élevoient deux rouleaux qui s’alloient joindre à un quarré qui estoit au milieu. Dans ce quarré l’on voyoit les chiffres du Roy composez de differentes fleurs, & des deux costez pendoient des festons qui s’attachoient à l’extrémité des rouleaux. A costé de la niche il y avait deux arcades aussi de verdure avec leurs pilastres d’un costé & d’autre ; & tous ces pilastres étoient terminez par des vases remplis de fleurs. 
versailles_jardins_allee-royale	merveilles17_imp_gdv-felibien1668	placeName22	l’allée royale	Au sortir de ce lieu le Roy rentrant dans une calesche, la Reine dans sa chaise, & tout le reste de la Cour dans leurs carosses poursuivirent leur promenade pour se rendre à la Comedie, & passant dans une grande allée de quatre rangs de tilleuls, firent le tour du bassin de la fontaine des cygnes, qui termine l’allée royale vis à vis du chasteau. Ce bassin est un quarré long finissant par deux demi-ronds ; Sa longueur est de soixante toises sur quarante de large. Dans son milieu il y a une infinité de    jets d’eau, qui réünis ensemble font une gerbe d’une hauteur & d’une grosseur extraordinaire. 
versailles_chateau	merveilles17_imp_gdv-felibien1668	placeName23	chasteau	Au sortir de ce lieu le Roy rentrant dans une calesche, la Reine dans sa chaise, & tout le reste de la Cour dans leurs carosses poursuivirent leur promenade pour se rendre à la Comedie, & passant dans une grande allée de quatre rangs de tilleuls, firent le tour du bassin de la fontaine des cygnes, qui termine l’allée royale vis à vis du chasteau. Ce bassin est un quarré long finissant par deux demi-ronds ; Sa longueur est de soixante toises sur quarante de large. Dans son milieu il y a une infinité de    jets d’eau, qui réünis ensemble font une gerbe d’une hauteur & d’une grosseur extraordinaire. 
versailles_jardins_allee-royale	merveilles17_imp_gdv-felibien1668	placeName24	allée royale	A costé de la grande allée royale il y en a deux autres qui en sont éloignées d’environ deux cens pas. Celle qui est à droit en montant vers le Chasteau s’appelle l’allée du Roy & celle qui est à gauche l’allée des prez. Ces trois allées sont traversées par une autre qui se termine à deux grilles qui font la closture du petit parc. Ces deux allées des costez & celle qui les traverse ont cinq toises de large ; mais à l’endroit où elles se rencontrent elles forment un grand espace qui a plus de treize toises en quarré. C’est dans cet endroit de l’allée du Roy que le sieur Vigarani avoit disposé le lieu de la Comedie. Le Theatre qui avançoit un peu dans le quarré de la place s’enfonçoit de dix toises dans l’allée qui monte vers le Chasteau, & laissoit pour la Salle un espace de treize toises de face sur neuf de large. L’exhaussement de ce Salon estoit de trente pieds jusques à la corniche, d’où les costez du plat-fond s’élevoient encore de huit pieds jusques au dernier enfoncement. Il estoit couvert de feüillée par dehors, & par dedans paré de riches tapisseries que le sieur du Mets Intendant des meubles de la Couronne  avoit pris soin de faire disposer de la maniere la plus belle & la plus convenable pour la decoration de ce lieu. Du haut du plat-fond pendoient trente-deux chandeliers de crystal portant chacun dix bougies de cire blanche. Autour de la Sale estoient plusieurs sieges disposez en amphitheatre remplis de plus de douze cent personnes ; & dans le parterre il y avoit encore sur des bancs une plus grande quantité de monde. Cette Sale estoit percée par deux grandes arcades dont l’une estoit vis-à-vis du Theatre & l’autre du costé qui va vers la grande allée. L’ouverture du Theatre estoit de trente six pieds, & de chaque costé il y avoit deux grandes colomnes torses de bronze & de lapis environnées de branches & feüilles de vigne d’or : Elles estoient posées sur des pieds d’estaux de marbre, & portoient une grande corniche aussi de marbre dans le milieu de laquelle on voyoit les armes du Roy sur un cartouche doré accompagné de trophées ; l’architecture estoit d’ordre Ionique. Entre chaque colomne il y avoit une figure : Celle qui estoit à droit representoit la Paix, & Celle qui estoit à gauche figuroit la Victoire, pour monstrer que sa Majesté est toûjours en estat de faire que ses peuples joüissent d’une paix heureuse & pleine  d’abondance, en établissant le repos dans l’Europe, Où d’une victoire glorieuse & remplie de joye, quand Elle est obligée de prendre les armes pour soûtenir ses droits. 
versailles_chateau	merveilles17_imp_gdv-felibien1668	placeName25	Chasteau	A costé de la grande allée royale il y en a deux autres qui en sont éloignées d’environ deux cens pas. Celle qui est à droit en montant vers le Chasteau s’appelle l’allée du Roy & celle qui est à gauche l’allée des prez. Ces trois allées sont traversées par une autre qui se termine à deux grilles qui font la closture du petit parc. Ces deux allées des costez & celle qui les traverse ont cinq toises de large ; mais à l’endroit où elles se rencontrent elles forment un grand espace qui a plus de treize toises en quarré. C’est dans cet endroit de l’allée du Roy que le sieur Vigarani avoit disposé le lieu de la Comedie. Le Theatre qui avançoit un peu dans le quarré de la place s’enfonçoit de dix toises dans l’allée qui monte vers le Chasteau, & laissoit pour la Salle un espace de treize toises de face sur neuf de large. L’exhaussement de ce Salon estoit de trente pieds jusques à la corniche, d’où les costez du plat-fond s’élevoient encore de huit pieds jusques au dernier enfoncement. Il estoit couvert de feüillée par dehors, & par dedans paré de riches tapisseries que le sieur du Mets Intendant des meubles de la Couronne  avoit pris soin de faire disposer de la maniere la plus belle & la plus convenable pour la decoration de ce lieu. Du haut du plat-fond pendoient trente-deux chandeliers de crystal portant chacun dix bougies de cire blanche. Autour de la Sale estoient plusieurs sieges disposez en amphitheatre remplis de plus de douze cent personnes ; & dans le parterre il y avoit encore sur des bancs une plus grande quantité de monde. Cette Sale estoit percée par deux grandes arcades dont l’une estoit vis-à-vis du Theatre & l’autre du costé qui va vers la grande allée. L’ouverture du Theatre estoit de trente six pieds, & de chaque costé il y avoit deux grandes colomnes torses de bronze & de lapis environnées de branches & feüilles de vigne d’or : Elles estoient posées sur des pieds d’estaux de marbre, & portoient une grande corniche aussi de marbre dans le milieu de laquelle on voyoit les armes du Roy sur un cartouche doré accompagné de trophées ; l’architecture estoit d’ordre Ionique. Entre chaque colomne il y avoit une figure : Celle qui estoit à droit representoit la Paix, & Celle qui estoit à gauche figuroit la Victoire, pour monstrer que sa Majesté est toûjours en estat de faire que ses peuples joüissent d’une paix heureuse & pleine  d’abondance, en établissant le repos dans l’Europe, Où d’une victoire glorieuse & remplie de joye, quand Elle est obligée de prendre les armes pour soûtenir ses droits. 
versailles_jardins_allee-du-roi	merveilles17_imp_gdv-felibien1668	placeName26	l’allée du Roy	A costé de la grande allée royale il y en a deux autres qui en sont éloignées d’environ deux cens pas. Celle qui est à droit en montant vers le Chasteau s’appelle l’allée du Roy & celle qui est à gauche l’allée des prez. Ces trois allées sont traversées par une autre qui se termine à deux grilles qui font la closture du petit parc. Ces deux allées des costez & celle qui les traverse ont cinq toises de large ; mais à l’endroit où elles se rencontrent elles forment un grand espace qui a plus de treize toises en quarré. C’est dans cet endroit de l’allée du Roy que le sieur Vigarani avoit disposé le lieu de la Comedie. Le Theatre qui avançoit un peu dans le quarré de la place s’enfonçoit de dix toises dans l’allée qui monte vers le Chasteau, & laissoit pour la Salle un espace de treize toises de face sur neuf de large. L’exhaussement de ce Salon estoit de trente pieds jusques à la corniche, d’où les costez du plat-fond s’élevoient encore de huit pieds jusques au dernier enfoncement. Il estoit couvert de feüillée par dehors, & par dedans paré de riches tapisseries que le sieur du Mets Intendant des meubles de la Couronne  avoit pris soin de faire disposer de la maniere la plus belle & la plus convenable pour la decoration de ce lieu. Du haut du plat-fond pendoient trente-deux chandeliers de crystal portant chacun dix bougies de cire blanche. Autour de la Sale estoient plusieurs sieges disposez en amphitheatre remplis de plus de douze cent personnes ; & dans le parterre il y avoit encore sur des bancs une plus grande quantité de monde. Cette Sale estoit percée par deux grandes arcades dont l’une estoit vis-à-vis du Theatre & l’autre du costé qui va vers la grande allée. L’ouverture du Theatre estoit de trente six pieds, & de chaque costé il y avoit deux grandes colomnes torses de bronze & de lapis environnées de branches & feüilles de vigne d’or : Elles estoient posées sur des pieds d’estaux de marbre, & portoient une grande corniche aussi de marbre dans le milieu de laquelle on voyoit les armes du Roy sur un cartouche doré accompagné de trophées ; l’architecture estoit d’ordre Ionique. Entre chaque colomne il y avoit une figure : Celle qui estoit à droit representoit la Paix, & Celle qui estoit à gauche figuroit la Victoire, pour monstrer que sa Majesté est toûjours en estat de faire que ses peuples joüissent d’une paix heureuse & pleine  d’abondance, en établissant le repos dans l’Europe, Où d’une victoire glorieuse & remplie de joye, quand Elle est obligée de prendre les armes pour soûtenir ses droits. 
versailles_jardins_allee-des-pres	merveilles17_imp_gdv-felibien1668	placeName27	l’allée des prez	A costé de la grande allée royale il y en a deux autres qui en sont éloignées d’environ deux cens pas. Celle qui est à droit en montant vers le Chasteau s’appelle l’allée du Roy & celle qui est à gauche l’allée des prez. Ces trois allées sont traversées par une autre qui se termine à deux grilles qui font la closture du petit parc. Ces deux allées des costez & celle qui les traverse ont cinq toises de large ; mais à l’endroit où elles se rencontrent elles forment un grand espace qui a plus de treize toises en quarré. C’est dans cet endroit de l’allée du Roy que le sieur Vigarani avoit disposé le lieu de la Comedie. Le Theatre qui avançoit un peu dans le quarré de la place s’enfonçoit de dix toises dans l’allée qui monte vers le Chasteau, & laissoit pour la Salle un espace de treize toises de face sur neuf de large. L’exhaussement de ce Salon estoit de trente pieds jusques à la corniche, d’où les costez du plat-fond s’élevoient encore de huit pieds jusques au dernier enfoncement. Il estoit couvert de feüillée par dehors, & par dedans paré de riches tapisseries que le sieur du Mets Intendant des meubles de la Couronne  avoit pris soin de faire disposer de la maniere la plus belle & la plus convenable pour la decoration de ce lieu. Du haut du plat-fond pendoient trente-deux chandeliers de crystal portant chacun dix bougies de cire blanche. Autour de la Sale estoient plusieurs sieges disposez en amphitheatre remplis de plus de douze cent personnes ; & dans le parterre il y avoit encore sur des bancs une plus grande quantité de monde. Cette Sale estoit percée par deux grandes arcades dont l’une estoit vis-à-vis du Theatre & l’autre du costé qui va vers la grande allée. L’ouverture du Theatre estoit de trente six pieds, & de chaque costé il y avoit deux grandes colomnes torses de bronze & de lapis environnées de branches & feüilles de vigne d’or : Elles estoient posées sur des pieds d’estaux de marbre, & portoient une grande corniche aussi de marbre dans le milieu de laquelle on voyoit les armes du Roy sur un cartouche doré accompagné de trophées ; l’architecture estoit d’ordre Ionique. Entre chaque colomne il y avoit une figure : Celle qui estoit à droit representoit la Paix, & Celle qui estoit à gauche figuroit la Victoire, pour monstrer que sa Majesté est toûjours en estat de faire que ses peuples joüissent d’une paix heureuse & pleine  d’abondance, en établissant le repos dans l’Europe, Où d’une victoire glorieuse & remplie de joye, quand Elle est obligée de prendre les armes pour soûtenir ses droits. 
versailles_jardins_petit-parc	merveilles17_imp_gdv-felibien1668	placeName28	petit parc	A costé de la grande allée royale il y en a deux autres qui en sont éloignées d’environ deux cens pas. Celle qui est à droit en montant vers le Chasteau s’appelle l’allée du Roy & celle qui est à gauche l’allée des prez. Ces trois allées sont traversées par une autre qui se termine à deux grilles qui font la closture du petit parc. Ces deux allées des costez & celle qui les traverse ont cinq toises de large ; mais à l’endroit où elles se rencontrent elles forment un grand espace qui a plus de treize toises en quarré. C’est dans cet endroit de l’allée du Roy que le sieur Vigarani avoit disposé le lieu de la Comedie. Le Theatre qui avançoit un peu dans le quarré de la place s’enfonçoit de dix toises dans l’allée qui monte vers le Chasteau, & laissoit pour la Salle un espace de treize toises de face sur neuf de large. L’exhaussement de ce Salon estoit de trente pieds jusques à la corniche, d’où les costez du plat-fond s’élevoient encore de huit pieds jusques au dernier enfoncement. Il estoit couvert de feüillée par dehors, & par dedans paré de riches tapisseries que le sieur du Mets Intendant des meubles de la Couronne  avoit pris soin de faire disposer de la maniere la plus belle & la plus convenable pour la decoration de ce lieu. Du haut du plat-fond pendoient trente-deux chandeliers de crystal portant chacun dix bougies de cire blanche. Autour de la Sale estoient plusieurs sieges disposez en amphitheatre remplis de plus de douze cent personnes ; & dans le parterre il y avoit encore sur des bancs une plus grande quantité de monde. Cette Sale estoit percée par deux grandes arcades dont l’une estoit vis-à-vis du Theatre & l’autre du costé qui va vers la grande allée. L’ouverture du Theatre estoit de trente six pieds, & de chaque costé il y avoit deux grandes colomnes torses de bronze & de lapis environnées de branches & feüilles de vigne d’or : Elles estoient posées sur des pieds d’estaux de marbre, & portoient une grande corniche aussi de marbre dans le milieu de laquelle on voyoit les armes du Roy sur un cartouche doré accompagné de trophées ; l’architecture estoit d’ordre Ionique. Entre chaque colomne il y avoit une figure : Celle qui estoit à droit representoit la Paix, & Celle qui estoit à gauche figuroit la Victoire, pour monstrer que sa Majesté est toûjours en estat de faire que ses peuples joüissent d’une paix heureuse & pleine  d’abondance, en établissant le repos dans l’Europe, Où d’une victoire glorieuse & remplie de joye, quand Elle est obligée de prendre les armes pour soûtenir ses droits. 
versailles_jardins_allee-du-roi	merveilles17_imp_gdv-felibien1668	placeName29	l’allée du Roy	A costé de la grande allée royale il y en a deux autres qui en sont éloignées d’environ deux cens pas. Celle qui est à droit en montant vers le Chasteau s’appelle l’allée du Roy & celle qui est à gauche l’allée des prez. Ces trois allées sont traversées par une autre qui se termine à deux grilles qui font la closture du petit parc. Ces deux allées des costez & celle qui les traverse ont cinq toises de large ; mais à l’endroit où elles se rencontrent elles forment un grand espace qui a plus de treize toises en quarré. C’est dans cet endroit de l’allée du Roy que le sieur Vigarani avoit disposé le lieu de la Comedie. Le Theatre qui avançoit un peu dans le quarré de la place s’enfonçoit de dix toises dans l’allée qui monte vers le Chasteau, & laissoit pour la Salle un espace de treize toises de face sur neuf de large. L’exhaussement de ce Salon estoit de trente pieds jusques à la corniche, d’où les costez du plat-fond s’élevoient encore de huit pieds jusques au dernier enfoncement. Il estoit couvert de feüillée par dehors, & par dedans paré de riches tapisseries que le sieur du Mets Intendant des meubles de la Couronne  avoit pris soin de faire disposer de la maniere la plus belle & la plus convenable pour la decoration de ce lieu. Du haut du plat-fond pendoient trente-deux chandeliers de crystal portant chacun dix bougies de cire blanche. Autour de la Sale estoient plusieurs sieges disposez en amphitheatre remplis de plus de douze cent personnes ; & dans le parterre il y avoit encore sur des bancs une plus grande quantité de monde. Cette Sale estoit percée par deux grandes arcades dont l’une estoit vis-à-vis du Theatre & l’autre du costé qui va vers la grande allée. L’ouverture du Theatre estoit de trente six pieds, & de chaque costé il y avoit deux grandes colomnes torses de bronze & de lapis environnées de branches & feüilles de vigne d’or : Elles estoient posées sur des pieds d’estaux de marbre, & portoient une grande corniche aussi de marbre dans le milieu de laquelle on voyoit les armes du Roy sur un cartouche doré accompagné de trophées ; l’architecture estoit d’ordre Ionique. Entre chaque colomne il y avoit une figure : Celle qui estoit à droit representoit la Paix, & Celle qui estoit à gauche figuroit la Victoire, pour monstrer que sa Majesté est toûjours en estat de faire que ses peuples joüissent d’une paix heureuse & pleine  d’abondance, en établissant le repos dans l’Europe, Où d’une victoire glorieuse & remplie de joye, quand Elle est obligée de prendre les armes pour soûtenir ses droits. 
versailles_chateau	merveilles17_imp_gdv-felibien1668	placeName30	Chasteau	A costé de la grande allée royale il y en a deux autres qui en sont éloignées d’environ deux cens pas. Celle qui est à droit en montant vers le Chasteau s’appelle l’allée du Roy & celle qui est à gauche l’allée des prez. Ces trois allées sont traversées par une autre qui se termine à deux grilles qui font la closture du petit parc. Ces deux allées des costez & celle qui les traverse ont cinq toises de large ; mais à l’endroit où elles se rencontrent elles forment un grand espace qui a plus de treize toises en quarré. C’est dans cet endroit de l’allée du Roy que le sieur Vigarani avoit disposé le lieu de la Comedie. Le Theatre qui avançoit un peu dans le quarré de la place s’enfonçoit de dix toises dans l’allée qui monte vers le Chasteau, & laissoit pour la Salle un espace de treize toises de face sur neuf de large. L’exhaussement de ce Salon estoit de trente pieds jusques à la corniche, d’où les costez du plat-fond s’élevoient encore de huit pieds jusques au dernier enfoncement. Il estoit couvert de feüillée par dehors, & par dedans paré de riches tapisseries que le sieur du Mets Intendant des meubles de la Couronne  avoit pris soin de faire disposer de la maniere la plus belle & la plus convenable pour la decoration de ce lieu. Du haut du plat-fond pendoient trente-deux chandeliers de crystal portant chacun dix bougies de cire blanche. Autour de la Sale estoient plusieurs sieges disposez en amphitheatre remplis de plus de douze cent personnes ; & dans le parterre il y avoit encore sur des bancs une plus grande quantité de monde. Cette Sale estoit percée par deux grandes arcades dont l’une estoit vis-à-vis du Theatre & l’autre du costé qui va vers la grande allée. L’ouverture du Theatre estoit de trente six pieds, & de chaque costé il y avoit deux grandes colomnes torses de bronze & de lapis environnées de branches & feüilles de vigne d’or : Elles estoient posées sur des pieds d’estaux de marbre, & portoient une grande corniche aussi de marbre dans le milieu de laquelle on voyoit les armes du Roy sur un cartouche doré accompagné de trophées ; l’architecture estoit d’ordre Ionique. Entre chaque colomne il y avoit une figure : Celle qui estoit à droit representoit la Paix, & Celle qui estoit à gauche figuroit la Victoire, pour monstrer que sa Majesté est toûjours en estat de faire que ses peuples joüissent d’une paix heureuse & pleine  d’abondance, en établissant le repos dans l’Europe, Où d’une victoire glorieuse & remplie de joye, quand Elle est obligée de prendre les armes pour soûtenir ses droits. 
versailles_jardins_grande-allee	merveilles17_imp_gdv-felibien1668	placeName31	la grande allée	A costé de la grande allée royale il y en a deux autres qui en sont éloignées d’environ deux cens pas. Celle qui est à droit en montant vers le Chasteau s’appelle l’allée du Roy & celle qui est à gauche l’allée des prez. Ces trois allées sont traversées par une autre qui se termine à deux grilles qui font la closture du petit parc. Ces deux allées des costez & celle qui les traverse ont cinq toises de large ; mais à l’endroit où elles se rencontrent elles forment un grand espace qui a plus de treize toises en quarré. C’est dans cet endroit de l’allée du Roy que le sieur Vigarani avoit disposé le lieu de la Comedie. Le Theatre qui avançoit un peu dans le quarré de la place s’enfonçoit de dix toises dans l’allée qui monte vers le Chasteau, & laissoit pour la Salle un espace de treize toises de face sur neuf de large. L’exhaussement de ce Salon estoit de trente pieds jusques à la corniche, d’où les costez du plat-fond s’élevoient encore de huit pieds jusques au dernier enfoncement. Il estoit couvert de feüillée par dehors, & par dedans paré de riches tapisseries que le sieur du Mets Intendant des meubles de la Couronne  avoit pris soin de faire disposer de la maniere la plus belle & la plus convenable pour la decoration de ce lieu. Du haut du plat-fond pendoient trente-deux chandeliers de crystal portant chacun dix bougies de cire blanche. Autour de la Sale estoient plusieurs sieges disposez en amphitheatre remplis de plus de douze cent personnes ; & dans le parterre il y avoit encore sur des bancs une plus grande quantité de monde. Cette Sale estoit percée par deux grandes arcades dont l’une estoit vis-à-vis du Theatre & l’autre du costé qui va vers la grande allée. L’ouverture du Theatre estoit de trente six pieds, & de chaque costé il y avoit deux grandes colomnes torses de bronze & de lapis environnées de branches & feüilles de vigne d’or : Elles estoient posées sur des pieds d’estaux de marbre, & portoient une grande corniche aussi de marbre dans le milieu de laquelle on voyoit les armes du Roy sur un cartouche doré accompagné de trophées ; l’architecture estoit d’ordre Ionique. Entre chaque colomne il y avoit une figure : Celle qui estoit à droit representoit la Paix, & Celle qui estoit à gauche figuroit la Victoire, pour monstrer que sa Majesté est toûjours en estat de faire que ses peuples joüissent d’une paix heureuse & pleine  d’abondance, en établissant le repos dans l’Europe, Où d’une victoire glorieuse & remplie de joye, quand Elle est obligée de prendre les armes pour soûtenir ses droits. 
europe	merveilles17_imp_gdv-felibien1668	placeName32	l’Europe	A costé de la grande allée royale il y en a deux autres qui en sont éloignées d’environ deux cens pas. Celle qui est à droit en montant vers le Chasteau s’appelle l’allée du Roy & celle qui est à gauche l’allée des prez. Ces trois allées sont traversées par une autre qui se termine à deux grilles qui font la closture du petit parc. Ces deux allées des costez & celle qui les traverse ont cinq toises de large ; mais à l’endroit où elles se rencontrent elles forment un grand espace qui a plus de treize toises en quarré. C’est dans cet endroit de l’allée du Roy que le sieur Vigarani avoit disposé le lieu de la Comedie. Le Theatre qui avançoit un peu dans le quarré de la place s’enfonçoit de dix toises dans l’allée qui monte vers le Chasteau, & laissoit pour la Salle un espace de treize toises de face sur neuf de large. L’exhaussement de ce Salon estoit de trente pieds jusques à la corniche, d’où les costez du plat-fond s’élevoient encore de huit pieds jusques au dernier enfoncement. Il estoit couvert de feüillée par dehors, & par dedans paré de riches tapisseries que le sieur du Mets Intendant des meubles de la Couronne  avoit pris soin de faire disposer de la maniere la plus belle & la plus convenable pour la decoration de ce lieu. Du haut du plat-fond pendoient trente-deux chandeliers de crystal portant chacun dix bougies de cire blanche. Autour de la Sale estoient plusieurs sieges disposez en amphitheatre remplis de plus de douze cent personnes ; & dans le parterre il y avoit encore sur des bancs une plus grande quantité de monde. Cette Sale estoit percée par deux grandes arcades dont l’une estoit vis-à-vis du Theatre & l’autre du costé qui va vers la grande allée. L’ouverture du Theatre estoit de trente six pieds, & de chaque costé il y avoit deux grandes colomnes torses de bronze & de lapis environnées de branches & feüilles de vigne d’or : Elles estoient posées sur des pieds d’estaux de marbre, & portoient une grande corniche aussi de marbre dans le milieu de laquelle on voyoit les armes du Roy sur un cartouche doré accompagné de trophées ; l’architecture estoit d’ordre Ionique. Entre chaque colomne il y avoit une figure : Celle qui estoit à droit representoit la Paix, & Celle qui estoit à gauche figuroit la Victoire, pour monstrer que sa Majesté est toûjours en estat de faire que ses peuples joüissent d’une paix heureuse & pleine  d’abondance, en établissant le repos dans l’Europe, Où d’une victoire glorieuse & remplie de joye, quand Elle est obligée de prendre les armes pour soûtenir ses droits. 
versailles_jardins_allee-des-pres	merveilles17_imp_gdv-felibien1668	placeName33	l’allée des prez	Cet agreable spectacle estant finir de la for- te, le Roy & toute la Cour sortirent par le Portique du costé gauche du Salon, & qui rend dans l’allée de traverse au bout de laquelle à l’endroit où elle coupe l’allée des prez, l’on apperceut de loin un Edifice élevé de cinquante pieds de haut. Sa figure estoit octogone, & sur le haut de la couverture s’élevoit une espece de Dôme d’une grandeur & d’une hauteur si belle & si proportionnée que le tout ensemble ressembloit beaucoup à ces beaux temples antiques dont l’on voit encore quelques restes : Il estoit tout couvert de feüillages, & remply d’une infinité de lumieres. A mesre qu’on s’en approchoit on y découvroit mille differentes beautez : Il estoit isolé & l’on voyoit dans les huit angles autant de pilastres qui servoient comme de pieds forts ou d’arboutans élevez de quize pieds de haut. Au dessus de ces pilastres, il y avoit de grands vases ornez de differentes façon & remplis de lumieres. Du haut de ces vases sortoit une fontaine qui retombant à l’entour les environnoit comme d’une cloche de crystal. Ce qui faisoit un effet d’autant plus admirable qu’on voyoit un feu éclairer agreablement au milieu de l’eau. 
versailles_grand-parc	merveilles17_imp_gdv-felibien1668	placeName34	grand parc	Au delà de l’arcade, qui servoit d’entrée du costé de l’allée qui descend vers les grilles du grand parc, estoit un enfoncement de dix-huit toises de long, qui formoit comme un avant-Salon. 
versailles_chateau	merveilles17_imp_gdv-felibien1668	placeName35	Chasteau	Comme la somptuosité de ce festin passe tout ce qu’on pourroit dire, tant par l’abondance & la delicatesse des viandes qui furent servies, que par le bel ordre que le Mareschal de Bellefond & le Sieur de Valentiné Controlleur General de la Maison du Roy y apporterent ; je n’entreprendray pas d’en faire le détail : Je diray seulement que le pied du Rocher estoit revêtu parmy les Coquilles & la mousse, de quantité de pastes, de confitures, de conserves, d’herbages   & de fruits sucrez, qui sembloient estre crûs parmy les pierres & en faire partie. Il y avoit sur les huit angles qui marquent la figure du Rocher & de la table huit pyramides de fleurs, dont chacune estoit composée de treize porcelaines remplies de differens mez ; Il y eut cinq services chacun de cinquante-six grands plats ; les plats du desert estoient chargez de seize porcelaines en pyramides, où tout ce qu’il y a de plus exquis & de plus rare dans la saison y paroissoit à l’œil et au goust, d’une maniere qui secondoit bien ce que l’on avoit fait dans cet agreable lieu pour charmer la veuë. Dans une allée assez proche delà, & sous une tente estoit la table de la Reine où mangeoit Madame, Mademoiselle, Madame la Princesse, Madame la Princesse de Carignan ; Monseigneur le Dauphin soupa au Chasteau dans son appartement. 
versailles_jardins_bassin-flore	merveilles17_imp_gdv-felibien1668	placeName36	la Grotte	Dans la Grotte proche du Chasteau, il y eut trois tables pour les Ambassadeurs, qui furent servies en mesme temps de 22. couverts chacune. 
versailles_chateau	merveilles17_imp_gdv-felibien1668	placeName37	Chasteau	Dans la Grotte proche du Chasteau, il y eut trois tables pour les Ambassadeurs, qui furent servies en mesme temps de 22. couverts chacune. 
versailles_chateau	merveilles17_imp_gdv-felibien1668	placeName38	le Chasteau	Le Roy s’estant levé de table pour donner un nouveau divertissement aux Dames, & passant par le Portique, où l’allée monte vers le Chasteau les conduisit dans la Sale du Bal. 
versailles_jardins_bassin-ceres	merveilles17_imp_gdv-felibien1668	placeName39	la Sale du Bal	Le Roy s’estant levé de table pour donner un nouveau divertissement aux Dames, & passant par le Portique, où l’allée monte vers le Chasteau les conduisit dans la Sale du Bal. 
versailles_chateau	merveilles17_imp_gdv-felibien1668	placeName40	Chasteau	Pendant que dans un sejour si charmant, leurs Majestez & toute la Cour prenoient le divertissement du Bal, à la veuë de ces beaux objets, & au bruit de ces eaux qui n’interrompoit qu’agreablement le son des instrumens ; l’on preparoit ailleurs d’autres spectacles dont personne ne s’estoit apperceu & qui devoient surprendre tout le monde. Le sieur Gissey outre  le soin qu’il avoit pris du lieu où le Roy avoit soupé, & des desseins de tous les habits de la Comedie, se trouvant encore chargé des Illuminations qu’on devoit mettre au Chasteau, & en plusieurs endroits du parc, travailloit à mettre toutes ces choses en ordre, pour faire que ce beau divertissement eust une fin aussi heureuse & aussi agreable, que le succez en avoit esté faborable jusques alors : ce qui arrive en effet par les soins qu’il y prit. Car en un moment toutes les choses furent si bien ordonnées, que quand leurs Majestez sortirent du Bal, Elles apperceurent le tour du fer à cheval & le Chasteau tout en feu, mais d’un feu si beau & si agreable, que cet élement qui ne paroît guere dans l’obscurité de la nuit sans donner de la crainte & de la frayeur, ne causoit que du plaisir & de l’admiration. Deux cens vases de quatre pieds de haut de plusieurs façons, & ornez de differentes manieres, entourroient ce grand espace qui enferme les parterres de gazon, & qui forme le fer à cheval. Au bas des degrez qui sont au milieu, on voyoit quatre figures representant quatre Fleuves ; & au dessus, sur quatre pieds d’estaux qui sont aux extremitez des rampes, quatre autres figures qui representoient les quatre parties du mon- de. Sur les angles du fer à cheval & entre les vases, il y avoit trente-huit candelabres ou chandeliers antiques de six pieds de haut. Et ces vases, ces candelabres, & ces figures estant éclairées de la mesme sorte que celles qui avoient paru dans la frise du Salon où l’on avoit soupé, faisoient un spectacle merveilleux. Mais la Cour estant arrivée au haut du fer à cheval, & découvrant encore mieux tout le Château, ce fut alors que tout le monde demeura dans une surprise qui ne se peut connoître qu’en la ressentant. 
versailles_jardins_petit-parc	merveilles17_imp_gdv-felibien1668	placeName41	parc	Pendant que dans un sejour si charmant, leurs Majestez & toute la Cour prenoient le divertissement du Bal, à la veuë de ces beaux objets, & au bruit de ces eaux qui n’interrompoit qu’agreablement le son des instrumens ; l’on preparoit ailleurs d’autres spectacles dont personne ne s’estoit apperceu & qui devoient surprendre tout le monde. Le sieur Gissey outre  le soin qu’il avoit pris du lieu où le Roy avoit soupé, & des desseins de tous les habits de la Comedie, se trouvant encore chargé des Illuminations qu’on devoit mettre au Chasteau, & en plusieurs endroits du parc, travailloit à mettre toutes ces choses en ordre, pour faire que ce beau divertissement eust une fin aussi heureuse & aussi agreable, que le succez en avoit esté faborable jusques alors : ce qui arrive en effet par les soins qu’il y prit. Car en un moment toutes les choses furent si bien ordonnées, que quand leurs Majestez sortirent du Bal, Elles apperceurent le tour du fer à cheval & le Chasteau tout en feu, mais d’un feu si beau & si agreable, que cet élement qui ne paroît guere dans l’obscurité de la nuit sans donner de la crainte & de la frayeur, ne causoit que du plaisir & de l’admiration. Deux cens vases de quatre pieds de haut de plusieurs façons, & ornez de differentes manieres, entourroient ce grand espace qui enferme les parterres de gazon, & qui forme le fer à cheval. Au bas des degrez qui sont au milieu, on voyoit quatre figures representant quatre Fleuves ; & au dessus, sur quatre pieds d’estaux qui sont aux extremitez des rampes, quatre autres figures qui representoient les quatre parties du mon- de. Sur les angles du fer à cheval & entre les vases, il y avoit trente-huit candelabres ou chandeliers antiques de six pieds de haut. Et ces vases, ces candelabres, & ces figures estant éclairées de la mesme sorte que celles qui avoient paru dans la frise du Salon où l’on avoit soupé, faisoient un spectacle merveilleux. Mais la Cour estant arrivée au haut du fer à cheval, & découvrant encore mieux tout le Château, ce fut alors que tout le monde demeura dans une surprise qui ne se peut connoître qu’en la ressentant. 
versailles_jardins_parterre-latone	merveilles17_imp_gdv-felibien1668	placeName42	le tour du fer à cheval	Pendant que dans un sejour si charmant, leurs Majestez & toute la Cour prenoient le divertissement du Bal, à la veuë de ces beaux objets, & au bruit de ces eaux qui n’interrompoit qu’agreablement le son des instrumens ; l’on preparoit ailleurs d’autres spectacles dont personne ne s’estoit apperceu & qui devoient surprendre tout le monde. Le sieur Gissey outre  le soin qu’il avoit pris du lieu où le Roy avoit soupé, & des desseins de tous les habits de la Comedie, se trouvant encore chargé des Illuminations qu’on devoit mettre au Chasteau, & en plusieurs endroits du parc, travailloit à mettre toutes ces choses en ordre, pour faire que ce beau divertissement eust une fin aussi heureuse & aussi agreable, que le succez en avoit esté faborable jusques alors : ce qui arrive en effet par les soins qu’il y prit. Car en un moment toutes les choses furent si bien ordonnées, que quand leurs Majestez sortirent du Bal, Elles apperceurent le tour du fer à cheval & le Chasteau tout en feu, mais d’un feu si beau & si agreable, que cet élement qui ne paroît guere dans l’obscurité de la nuit sans donner de la crainte & de la frayeur, ne causoit que du plaisir & de l’admiration. Deux cens vases de quatre pieds de haut de plusieurs façons, & ornez de differentes manieres, entourroient ce grand espace qui enferme les parterres de gazon, & qui forme le fer à cheval. Au bas des degrez qui sont au milieu, on voyoit quatre figures representant quatre Fleuves ; & au dessus, sur quatre pieds d’estaux qui sont aux extremitez des rampes, quatre autres figures qui representoient les quatre parties du mon- de. Sur les angles du fer à cheval & entre les vases, il y avoit trente-huit candelabres ou chandeliers antiques de six pieds de haut. Et ces vases, ces candelabres, & ces figures estant éclairées de la mesme sorte que celles qui avoient paru dans la frise du Salon où l’on avoit soupé, faisoient un spectacle merveilleux. Mais la Cour estant arrivée au haut du fer à cheval, & découvrant encore mieux tout le Château, ce fut alors que tout le monde demeura dans une surprise qui ne se peut connoître qu’en la ressentant. 
versailles_chateau	merveilles17_imp_gdv-felibien1668	placeName43	le Chasteau	Pendant que dans un sejour si charmant, leurs Majestez & toute la Cour prenoient le divertissement du Bal, à la veuë de ces beaux objets, & au bruit de ces eaux qui n’interrompoit qu’agreablement le son des instrumens ; l’on preparoit ailleurs d’autres spectacles dont personne ne s’estoit apperceu & qui devoient surprendre tout le monde. Le sieur Gissey outre  le soin qu’il avoit pris du lieu où le Roy avoit soupé, & des desseins de tous les habits de la Comedie, se trouvant encore chargé des Illuminations qu’on devoit mettre au Chasteau, & en plusieurs endroits du parc, travailloit à mettre toutes ces choses en ordre, pour faire que ce beau divertissement eust une fin aussi heureuse & aussi agreable, que le succez en avoit esté faborable jusques alors : ce qui arrive en effet par les soins qu’il y prit. Car en un moment toutes les choses furent si bien ordonnées, que quand leurs Majestez sortirent du Bal, Elles apperceurent le tour du fer à cheval & le Chasteau tout en feu, mais d’un feu si beau & si agreable, que cet élement qui ne paroît guere dans l’obscurité de la nuit sans donner de la crainte & de la frayeur, ne causoit que du plaisir & de l’admiration. Deux cens vases de quatre pieds de haut de plusieurs façons, & ornez de differentes manieres, entourroient ce grand espace qui enferme les parterres de gazon, & qui forme le fer à cheval. Au bas des degrez qui sont au milieu, on voyoit quatre figures representant quatre Fleuves ; & au dessus, sur quatre pieds d’estaux qui sont aux extremitez des rampes, quatre autres figures qui representoient les quatre parties du mon- de. Sur les angles du fer à cheval & entre les vases, il y avoit trente-huit candelabres ou chandeliers antiques de six pieds de haut. Et ces vases, ces candelabres, & ces figures estant éclairées de la mesme sorte que celles qui avoient paru dans la frise du Salon où l’on avoit soupé, faisoient un spectacle merveilleux. Mais la Cour estant arrivée au haut du fer à cheval, & découvrant encore mieux tout le Château, ce fut alors que tout le monde demeura dans une surprise qui ne se peut connoître qu’en la ressentant. 
versailles_jardins_parterre-latone	merveilles17_imp_gdv-felibien1668	placeName44	fer à cheval	Pendant que dans un sejour si charmant, leurs Majestez & toute la Cour prenoient le divertissement du Bal, à la veuë de ces beaux objets, & au bruit de ces eaux qui n’interrompoit qu’agreablement le son des instrumens ; l’on preparoit ailleurs d’autres spectacles dont personne ne s’estoit apperceu & qui devoient surprendre tout le monde. Le sieur Gissey outre  le soin qu’il avoit pris du lieu où le Roy avoit soupé, & des desseins de tous les habits de la Comedie, se trouvant encore chargé des Illuminations qu’on devoit mettre au Chasteau, & en plusieurs endroits du parc, travailloit à mettre toutes ces choses en ordre, pour faire que ce beau divertissement eust une fin aussi heureuse & aussi agreable, que le succez en avoit esté faborable jusques alors : ce qui arrive en effet par les soins qu’il y prit. Car en un moment toutes les choses furent si bien ordonnées, que quand leurs Majestez sortirent du Bal, Elles apperceurent le tour du fer à cheval & le Chasteau tout en feu, mais d’un feu si beau & si agreable, que cet élement qui ne paroît guere dans l’obscurité de la nuit sans donner de la crainte & de la frayeur, ne causoit que du plaisir & de l’admiration. Deux cens vases de quatre pieds de haut de plusieurs façons, & ornez de differentes manieres, entourroient ce grand espace qui enferme les parterres de gazon, & qui forme le fer à cheval. Au bas des degrez qui sont au milieu, on voyoit quatre figures representant quatre Fleuves ; & au dessus, sur quatre pieds d’estaux qui sont aux extremitez des rampes, quatre autres figures qui representoient les quatre parties du mon- de. Sur les angles du fer à cheval & entre les vases, il y avoit trente-huit candelabres ou chandeliers antiques de six pieds de haut. Et ces vases, ces candelabres, & ces figures estant éclairées de la mesme sorte que celles qui avoient paru dans la frise du Salon où l’on avoit soupé, faisoient un spectacle merveilleux. Mais la Cour estant arrivée au haut du fer à cheval, & découvrant encore mieux tout le Château, ce fut alors que tout le monde demeura dans une surprise qui ne se peut connoître qu’en la ressentant. 
versailles_chateau	merveilles17_imp_gdv-felibien1668	placeName45	Château	Pendant que dans un sejour si charmant, leurs Majestez & toute la Cour prenoient le divertissement du Bal, à la veuë de ces beaux objets, & au bruit de ces eaux qui n’interrompoit qu’agreablement le son des instrumens ; l’on preparoit ailleurs d’autres spectacles dont personne ne s’estoit apperceu & qui devoient surprendre tout le monde. Le sieur Gissey outre  le soin qu’il avoit pris du lieu où le Roy avoit soupé, & des desseins de tous les habits de la Comedie, se trouvant encore chargé des Illuminations qu’on devoit mettre au Chasteau, & en plusieurs endroits du parc, travailloit à mettre toutes ces choses en ordre, pour faire que ce beau divertissement eust une fin aussi heureuse & aussi agreable, que le succez en avoit esté faborable jusques alors : ce qui arrive en effet par les soins qu’il y prit. Car en un moment toutes les choses furent si bien ordonnées, que quand leurs Majestez sortirent du Bal, Elles apperceurent le tour du fer à cheval & le Chasteau tout en feu, mais d’un feu si beau & si agreable, que cet élement qui ne paroît guere dans l’obscurité de la nuit sans donner de la crainte & de la frayeur, ne causoit que du plaisir & de l’admiration. Deux cens vases de quatre pieds de haut de plusieurs façons, & ornez de differentes manieres, entourroient ce grand espace qui enferme les parterres de gazon, & qui forme le fer à cheval. Au bas des degrez qui sont au milieu, on voyoit quatre figures representant quatre Fleuves ; & au dessus, sur quatre pieds d’estaux qui sont aux extremitez des rampes, quatre autres figures qui representoient les quatre parties du mon- de. Sur les angles du fer à cheval & entre les vases, il y avoit trente-huit candelabres ou chandeliers antiques de six pieds de haut. Et ces vases, ces candelabres, & ces figures estant éclairées de la mesme sorte que celles qui avoient paru dans la frise du Salon où l’on avoit soupé, faisoient un spectacle merveilleux. Mais la Cour estant arrivée au haut du fer à cheval, & découvrant encore mieux tout le Château, ce fut alors que tout le monde demeura dans une surprise qui ne se peut connoître qu’en la ressentant. 
versailles_chateau	merveilles17_imp_gdv-felibien1668	placeName46	Chasteau	Il estoit orné de quarante-cinq figures : Dans le milieu de la porte du Chasteau, il y en avoit une qui representoit Janus ; & des deux côtez dans les quatorze fenestres d’en bas, l’on voyoit differens trophées de guerre. A l’estage d’en haut, il y avoit quinze figures qui representoient diverses Vertus, & au dessus, un Soleil avec des lyres, & d’autres instrumens, ayant rapport à Apollon, qui paroissoient en quinze differens endroits. Toutes ces figures estoient de diverses couleurs, mais si brillantes & si belles, que l’on ne pouvoit dire si c’estoient differens metaux allumez, ou des pierres de plusieurs couleurs qui fussent éclairées par un artifice inconnu. Les balustrades qui environnent le fossé  du Chasteau, estoient illuminées de la mesme sorte, & dans les endroits où durant le jour on avoit veu des vases remplis d’orangers & de fleurs, l’on y voyoit cent vases de diverses sortes allumez de differentes couleurs. 
versailles_chateau	merveilles17_imp_gdv-felibien1668	placeName47	Chasteau	Il estoit orné de quarante-cinq figures : Dans le milieu de la porte du Chasteau, il y en avoit une qui representoit Janus ; & des deux côtez dans les quatorze fenestres d’en bas, l’on voyoit differens trophées de guerre. A l’estage d’en haut, il y avoit quinze figures qui representoient diverses Vertus, & au dessus, un Soleil avec des lyres, & d’autres instrumens, ayant rapport à Apollon, qui paroissoient en quinze differens endroits. Toutes ces figures estoient de diverses couleurs, mais si brillantes & si belles, que l’on ne pouvoit dire si c’estoient differens metaux allumez, ou des pierres de plusieurs couleurs qui fussent éclairées par un artifice inconnu. Les balustrades qui environnent le fossé  du Chasteau, estoient illuminées de la mesme sorte, & dans les endroits où durant le jour on avoit veu des vases remplis d’orangers & de fleurs, l’on y voyoit cent vases de diverses sortes allumez de differentes couleurs. 
versailles_chateau	merveilles17_imp_gdv-felibien1668	placeName48	Chasteau	De si merveilleux objets arrestoient la veuë de tout le monde, lors qu’un bruit qui s’éleva de la grande allée, fit qu’on se tourna de ce costé-là, aussi-tost on la vit éclairée d’un bout à l’autre, de soixante & douze thermes faits de mesme maniere que les figures qui estoient au Chasteau, & qui la bordoient des deux costez. 
versailles_grand-parc	merveilles17_imp_gdv-felibien1668	placeName49	le grand parc	A de si beaux effets, se joignit le bruit de plus  de cinq cens boëtes qui estant dans le grand parc, & fort esloignées, sembloient estre l’Echo de ces grands éclats dont les grosses fusées faisoient retentir l’air lors qu’elles estoient en haut. 
versailles_jardins_parterre-latone	merveilles17_imp_gdv-felibien1668	placeName50	fer à cheval	Cette grande allée ne fut guere en cet estat, que les trois bassins de fontaines qui sont dans le parterre de gazon au bas du fer à cheval, parurent trois sources de lumieres. Mille feux sortoient du milieu de l’eau, qui comme furieux & s’eschappant d’un lieu où ils auroient esté retenus de force, se répandoient de tous côtez sur les bords du parterre. Une infinité d’autres feux sortant de la gueule des Lezards, des Crocodiles, des Grenoüilles, & des autres animaux de bronze qui sont sur les bords des fontaines, sembloient aller secourir les premiers, & se jettant dans l’eau sous la figure de plusieurs serpens, tantost separement, tantost joints ensemble par gros pelotons, luy faisoient une rude guerre. Dans ces combats accompagnez de bruits épouventables, & d’un embrazement qu’on ne peut representer, ces deux Elemens estoient si étroitement meslez ensemble, qu’il estoit impossible de les distinguer : Mille fusées qui s’eslevoient en l’air, paroissoient comme des jets-d’eau enflâmez ; & l’eau qui boüillonnoit de toutes parts, ressembloit à des  à des flots de Feu & à des flâmes agitées.
versailles_jardins_parterre-latone	merveilles17_imp_gdv-felibien1668	placeName51	parterre	Cette grande allée ne fut guere en cet estat, que les trois bassins de fontaines qui sont dans le parterre de gazon au bas du fer à cheval, parurent trois sources de lumieres. Mille feux sortoient du milieu de l’eau, qui comme furieux & s’eschappant d’un lieu où ils auroient esté retenus de force, se répandoient de tous côtez sur les bords du parterre. Une infinité d’autres feux sortant de la gueule des Lezards, des Crocodiles, des Grenoüilles, & des autres animaux de bronze qui sont sur les bords des fontaines, sembloient aller secourir les premiers, & se jettant dans l’eau sous la figure de plusieurs serpens, tantost separement, tantost joints ensemble par gros pelotons, luy faisoient une rude guerre. Dans ces combats accompagnez de bruits épouventables, & d’un embrazement qu’on ne peut representer, ces deux Elemens estoient si étroitement meslez ensemble, qu’il estoit impossible de les distinguer : Mille fusées qui s’eslevoient en l’air, paroissoient comme des jets-d’eau enflâmez ; & l’eau qui boüillonnoit de toutes parts, ressembloit à des  à des flots de Feu & à des flâmes agitées.
versailles_jardins_parterre-latone	merveilles17_imp_gdv-felibien1668	placeName52	le Parterre	Bien que tout le monde sceust que l’on preparoit des Feux d’artifices, neanmoins en quelque lieu qu’on allast durant le jour, l’on n’y voyoit nulle disposition, desorte que dans le temps que chacun estoit en peine du lieu où ils devoient paroître, l’on s’en trouve tout d’un coup environné. Car non seulement ils partoient de ces bassins de fontaines, mais encore des grandes allées qui environnent le Parterre : Et en voyant sortir de terre, mille flâmes qui s’élevoient de tous costez, l’on ne sçavoit s’il y avoit des Canaux qui fournissent cette nuit-là autant de feux, comme pendant le jour on avoit veu de jets-d’eau qui rafraischissoient ce beau parterre. Cette surprise causa un agreable desordre parmy tout le monde, qui ne sçachant où le retirer, se cachoit dans l’épaisseur des bocages & se jettoit contre terre.
versailles_chateau	merveilles17_imp_gdv-felibien1668	placeName53	Château	Ce spectacle ne dura qu’autant de temps qu’il faut pour imprimer dans l’esprit une belle image, de ce que l’eau & le feu peuvent faire quand ils se recontrent ensemble & qu’ils se font la guere : Et chacun croyant que la Feste se termineroit par un artifice si merveilleux, retournoit vers le Château, quand du côté du grand Etang l’on vit tout d’un coup le ciel  rempli d’éclairs, & l’air d’un bruit qui sembloit faire trembler la terre ; Chacun se rangea vers la grotte pour voir cette nouveauté, & aussi-tost il sortit de la Tour de la pompe qui esleve toutes les eaux, une infinité de grosses fusées qui remplirent tous les environs de feu & de lumiere. A quelques hauteur qu’elles montassent, elles laissoient attachée à la Tour une grosse queüe qui ne s’en separoit point que la fusée n’eust rempli l’air d’une infinité d’étoiles qu’elle y alloit répandre : Tout le haut de cette Tour sembloit estre embrasé, & de moment en moment elle vomissoit une infinité de feux, dont les uns s’eslevoient jusques au ciel, & les autres ne montant pas si haut, sembloient se jouër par mille mouvemens agreables qu’ils faisoient ; Il y en avoit mesme qui marquant les chiffres du Roy par leurs tours & retours, traçoient dans l’air de doubles L toutes brillantes d’une lumiere tres-vive & tres-pure. Enfin, apres que de cette Tour il fut sorty à plusieurs fois une si grande quantité de fusées, que jamais on n’a rien veu de semblable, toutes ces lumieres s’éteignirent, & comme si elles eussent obligé les étoiles du ciel à se retirer ; l’on s’apperceut que de ce costé-là la plus grande partie ne se voyoit plus, mais  que le jour jaloux des avantages d’une si belle nuit, commençoit à paroître.
versailles_etang-clagny	merveilles17_imp_gdv-felibien1668	placeName54	grand Etang	Ce spectacle ne dura qu’autant de temps qu’il faut pour imprimer dans l’esprit une belle image, de ce que l’eau & le feu peuvent faire quand ils se recontrent ensemble & qu’ils se font la guere : Et chacun croyant que la Feste se termineroit par un artifice si merveilleux, retournoit vers le Château, quand du côté du grand Etang l’on vit tout d’un coup le ciel  rempli d’éclairs, & l’air d’un bruit qui sembloit faire trembler la terre ; Chacun se rangea vers la grotte pour voir cette nouveauté, & aussi-tost il sortit de la Tour de la pompe qui esleve toutes les eaux, une infinité de grosses fusées qui remplirent tous les environs de feu & de lumiere. A quelques hauteur qu’elles montassent, elles laissoient attachée à la Tour une grosse queüe qui ne s’en separoit point que la fusée n’eust rempli l’air d’une infinité d’étoiles qu’elle y alloit répandre : Tout le haut de cette Tour sembloit estre embrasé, & de moment en moment elle vomissoit une infinité de feux, dont les uns s’eslevoient jusques au ciel, & les autres ne montant pas si haut, sembloient se jouër par mille mouvemens agreables qu’ils faisoient ; Il y en avoit mesme qui marquant les chiffres du Roy par leurs tours & retours, traçoient dans l’air de doubles L toutes brillantes d’une lumiere tres-vive & tres-pure. Enfin, apres que de cette Tour il fut sorty à plusieurs fois une si grande quantité de fusées, que jamais on n’a rien veu de semblable, toutes ces lumieres s’éteignirent, & comme si elles eussent obligé les étoiles du ciel à se retirer ; l’on s’apperceut que de ce costé-là la plus grande partie ne se voyoit plus, mais  que le jour jaloux des avantages d’une si belle nuit, commençoit à paroître.
versailles_etang-clagny	merveilles17_imp_gdv-felibien1668	placeName55	Tour de la pompe	Ce spectacle ne dura qu’autant de temps qu’il faut pour imprimer dans l’esprit une belle image, de ce que l’eau & le feu peuvent faire quand ils se recontrent ensemble & qu’ils se font la guere : Et chacun croyant que la Feste se termineroit par un artifice si merveilleux, retournoit vers le Château, quand du côté du grand Etang l’on vit tout d’un coup le ciel  rempli d’éclairs, & l’air d’un bruit qui sembloit faire trembler la terre ; Chacun se rangea vers la grotte pour voir cette nouveauté, & aussi-tost il sortit de la Tour de la pompe qui esleve toutes les eaux, une infinité de grosses fusées qui remplirent tous les environs de feu & de lumiere. A quelques hauteur qu’elles montassent, elles laissoient attachée à la Tour une grosse queüe qui ne s’en separoit point que la fusée n’eust rempli l’air d’une infinité d’étoiles qu’elle y alloit répandre : Tout le haut de cette Tour sembloit estre embrasé, & de moment en moment elle vomissoit une infinité de feux, dont les uns s’eslevoient jusques au ciel, & les autres ne montant pas si haut, sembloient se jouër par mille mouvemens agreables qu’ils faisoient ; Il y en avoit mesme qui marquant les chiffres du Roy par leurs tours & retours, traçoient dans l’air de doubles L toutes brillantes d’une lumiere tres-vive & tres-pure. Enfin, apres que de cette Tour il fut sorty à plusieurs fois une si grande quantité de fusées, que jamais on n’a rien veu de semblable, toutes ces lumieres s’éteignirent, & comme si elles eussent obligé les étoiles du ciel à se retirer ; l’on s’apperceut que de ce costé-là la plus grande partie ne se voyoit plus, mais  que le jour jaloux des avantages d’une si belle nuit, commençoit à paroître.
versailles_etang-clagny	merveilles17_imp_gdv-felibien1668	placeName56	Tour	Ce spectacle ne dura qu’autant de temps qu’il faut pour imprimer dans l’esprit une belle image, de ce que l’eau & le feu peuvent faire quand ils se recontrent ensemble & qu’ils se font la guere : Et chacun croyant que la Feste se termineroit par un artifice si merveilleux, retournoit vers le Château, quand du côté du grand Etang l’on vit tout d’un coup le ciel  rempli d’éclairs, & l’air d’un bruit qui sembloit faire trembler la terre ; Chacun se rangea vers la grotte pour voir cette nouveauté, & aussi-tost il sortit de la Tour de la pompe qui esleve toutes les eaux, une infinité de grosses fusées qui remplirent tous les environs de feu & de lumiere. A quelques hauteur qu’elles montassent, elles laissoient attachée à la Tour une grosse queüe qui ne s’en separoit point que la fusée n’eust rempli l’air d’une infinité d’étoiles qu’elle y alloit répandre : Tout le haut de cette Tour sembloit estre embrasé, & de moment en moment elle vomissoit une infinité de feux, dont les uns s’eslevoient jusques au ciel, & les autres ne montant pas si haut, sembloient se jouër par mille mouvemens agreables qu’ils faisoient ; Il y en avoit mesme qui marquant les chiffres du Roy par leurs tours & retours, traçoient dans l’air de doubles L toutes brillantes d’une lumiere tres-vive & tres-pure. Enfin, apres que de cette Tour il fut sorty à plusieurs fois une si grande quantité de fusées, que jamais on n’a rien veu de semblable, toutes ces lumieres s’éteignirent, & comme si elles eussent obligé les étoiles du ciel à se retirer ; l’on s’apperceut que de ce costé-là la plus grande partie ne se voyoit plus, mais  que le jour jaloux des avantages d’une si belle nuit, commençoit à paroître.
versailles_etang-clagny	merveilles17_imp_gdv-felibien1668	placeName57	Tour	Ce spectacle ne dura qu’autant de temps qu’il faut pour imprimer dans l’esprit une belle image, de ce que l’eau & le feu peuvent faire quand ils se recontrent ensemble & qu’ils se font la guere : Et chacun croyant que la Feste se termineroit par un artifice si merveilleux, retournoit vers le Château, quand du côté du grand Etang l’on vit tout d’un coup le ciel  rempli d’éclairs, & l’air d’un bruit qui sembloit faire trembler la terre ; Chacun se rangea vers la grotte pour voir cette nouveauté, & aussi-tost il sortit de la Tour de la pompe qui esleve toutes les eaux, une infinité de grosses fusées qui remplirent tous les environs de feu & de lumiere. A quelques hauteur qu’elles montassent, elles laissoient attachée à la Tour une grosse queüe qui ne s’en separoit point que la fusée n’eust rempli l’air d’une infinité d’étoiles qu’elle y alloit répandre : Tout le haut de cette Tour sembloit estre embrasé, & de moment en moment elle vomissoit une infinité de feux, dont les uns s’eslevoient jusques au ciel, & les autres ne montant pas si haut, sembloient se jouër par mille mouvemens agreables qu’ils faisoient ; Il y en avoit mesme qui marquant les chiffres du Roy par leurs tours & retours, traçoient dans l’air de doubles L toutes brillantes d’une lumiere tres-vive & tres-pure. Enfin, apres que de cette Tour il fut sorty à plusieurs fois une si grande quantité de fusées, que jamais on n’a rien veu de semblable, toutes ces lumieres s’éteignirent, & comme si elles eussent obligé les étoiles du ciel à se retirer ; l’on s’apperceut que de ce costé-là la plus grande partie ne se voyoit plus, mais  que le jour jaloux des avantages d’une si belle nuit, commençoit à paroître.
versailles_etang-clagny	merveilles17_imp_gdv-felibien1668	placeName58	Tour	Ce spectacle ne dura qu’autant de temps qu’il faut pour imprimer dans l’esprit une belle image, de ce que l’eau & le feu peuvent faire quand ils se recontrent ensemble & qu’ils se font la guere : Et chacun croyant que la Feste se termineroit par un artifice si merveilleux, retournoit vers le Château, quand du côté du grand Etang l’on vit tout d’un coup le ciel  rempli d’éclairs, & l’air d’un bruit qui sembloit faire trembler la terre ; Chacun se rangea vers la grotte pour voir cette nouveauté, & aussi-tost il sortit de la Tour de la pompe qui esleve toutes les eaux, une infinité de grosses fusées qui remplirent tous les environs de feu & de lumiere. A quelques hauteur qu’elles montassent, elles laissoient attachée à la Tour une grosse queüe qui ne s’en separoit point que la fusée n’eust rempli l’air d’une infinité d’étoiles qu’elle y alloit répandre : Tout le haut de cette Tour sembloit estre embrasé, & de moment en moment elle vomissoit une infinité de feux, dont les uns s’eslevoient jusques au ciel, & les autres ne montant pas si haut, sembloient se jouër par mille mouvemens agreables qu’ils faisoient ; Il y en avoit mesme qui marquant les chiffres du Roy par leurs tours & retours, traçoient dans l’air de doubles L toutes brillantes d’une lumiere tres-vive & tres-pure. Enfin, apres que de cette Tour il fut sorty à plusieurs fois une si grande quantité de fusées, que jamais on n’a rien veu de semblable, toutes ces lumieres s’éteignirent, & comme si elles eussent obligé les étoiles du ciel à se retirer ; l’on s’apperceut que de ce costé-là la plus grande partie ne se voyoit plus, mais  que le jour jaloux des avantages d’une si belle nuit, commençoit à paroître.
saint-germain	merveilles17_imp_gdv-felibien1668	placeName59	saint Germain	Leurs Majestez prirent aussi-tost le chemin de saint Germain avec toute la Cour, & il n’y eut que Monseigneur le Dauphin qui demeura dans le Chasteau. 
versailles_chateau	merveilles17_imp_gdv-felibien1668	placeName60	Chasteau	Leurs Majestez prirent aussi-tost le chemin de saint Germain avec toute la Cour, & il n’y eut que Monseigneur le Dauphin qui demeura dans le Chasteau. 
versailles_chateau	merveilles17_imp_loret16640202	placeName1	Salon	
versailles_chateau	merveilles17_imp_loret16640202	placeName2	grande Sale	
paris_palais-royal	merveilles17_imp_loret16640216	placeName2	Palais Royal	
paris_palais-royal_theatre	merveilles17_imp_loret16640216	placeName3	Téatre	
versailles_chateau	merveilles17_imp_loret16640510	placeName2	Versaille	
versailles	merveilles17_imp_loret16640510	placeName3	Versaille	
versailles_chateau	merveilles17_imp_loret16640510	placeName4	Château	
versailles_chateau	merveilles17_imp_loret16640510	placeName5	l’entrée	
versailles_cour	merveilles17_imp_loret16640510	placeName6	basse Court	
versailles	merveilles17_imp_loret16640510	placeName7	Versaille	
versailles	merveilles17_imp_loret16640517	placeName2	Versaille	
fontainebleau	merveilles17_imp_loret16640802	placeName1	Fontainebleau	
fontainebleau_chateau	merveilles17_imp_loret16640802	placeName2	Palais de Fontainebleau	
fontainebleau	merveilles17_imp_loret16640802	placeName3	Fontainebleau	
paris	merveilles17_imp_loret16640802	placeName4	Paris	
paris	merveilles17_imp_loret16640809	placeName2	Paris	
paris	merveilles17_imp_loret16640809	placeName3	Paris	
paris	merveilles17_imp_mariagefballard1664_001	placeName1	PARIS	
	merveilles17_imp_mariagefballard1664_001	placeName2	v	
	merveilles17_imp_mariagefballard1664_001	placeName3	n coin du Th	
	merveilles17_imp_mariagefballard1664_001	placeName4	ea	
	merveilles17_imp_mariagefballard1664_001	placeName5	tre	
versailles	merveilles17_imp_ormessonmai1664	placeName	Versailles	
versailles	merveilles17_imp_pie-ballard2	placeName2	Versailles	
paris	merveilles17_imp_pie-ballard2	placeName3	Paris	
versailles_jardins_bassin-apollon	merveilles17_imp_pie-ballard2	placeName4	le grand Rondeau	
versailles_jardins_bassin-apollon	merveilles17_imp_pie-ballard2	placeName5	ce Rondeau	
versailles	merveilles17_imp_pie-ballard2	placeName6	Versailles	
versailles	merveilles17_imp_pie-ballard2	placeName7	Versailles	
versailles_jardins_menagerie	merveilles17_imp_pie-ballard2	placeName8	Mesnagerie	
fontainebleau	merveilles17_imp_pie-ballard2	placeName9		
paris	merveilles17_imp_pie-guignard1668	placeName1	PARIS	
versailles	merveilles17_imp_pie-guignard1668	placeName2	Versailles	
paris	merveilles17_imp_pie-guignard1668	placeName3	Paris	
versailles_chateau	merveilles17_imp_pie-guignard1668	placeName4	Palais de sa Majesté	
paris	merveilles17_imp_pie-guignard1668	placeName5	Paris	
france	merveilles17_imp_pie-guignard1668	placeName6	France	
france	merveilles17_imp_pie-guignard1668	placeName7	France	
espagne	merveilles17_imp_pie-guignard1668	placeName8	l’Espagne	
versailles_chateau	merveilles17_imp_pie-guignard1668	placeName9	Chasteau	
versailles_jardins_bassin-apollon	merveilles17_imp_pie-guignard1668	placeName10	Lac	
france	merveilles17_imp_pie-guignard1668	placeName11	la France	
versailles_jardins_bassin-apollon	merveilles17_imp_pie-guignard1668	placeName12	le Lac	
versailles	merveilles17_imp_pie-guignard1668	placeName13	Versailles	
allemagne	merveilles17_imp_pie-guignard1668	placeName14	Allemagne	
versailles_chateau	merveilles17_imp_pie-guignard1668	placeName15	maison de Versailles	
paris	merveilles17_imp_pie-guignard1668	placeName16	Paris	
versailles_jardins	merveilles17_imp_pie-guignard1668	placeName17	son Sallon	
fontainebleau	merveilles17_imp_pie-guignard1668	placeName18	Fontaine-bleau	
versailles	merveilles17_imp_pie-ir1673	placeName2	Versailles	
paris	merveilles17_imp_pie-ir1673	placeName3	Paris	
versailles_chateau	merveilles17_imp_pie-ir1673	placeName4	Chasteau	
versailles_jardins_bassin-apollon	merveilles17_imp_pie-ir1673	placeName5	le Lac	
france	merveilles17_imp_pie-ir1673	placeName6	France	
versailles_jardins_bassin-apollon	merveilles17_imp_pie-ir1673	placeName7	le grand Rondeau	
versailles_jardins_bassin-apollon	merveilles17_imp_pie-ir1673	placeName8	ce Rondeau	
versailles_jardins_bassin-apollon	merveilles17_imp_pie-ir1673	placeName9	Rondeau	
versailles_jardins_bassin-apollon	merveilles17_imp_pie-ir1673	placeName10	Rondeau	
versailles	merveilles17_imp_pie-ir1673	placeName11	Versailles	
versailles_chateau	merveilles17_imp_pie-ir1673	placeName12	l’agréable Maison de Versailles	
paris	merveilles17_imp_pie-ir1673	placeName13	Paris	
versailles_jardins_menagerie	merveilles17_imp_pie-ir1673	placeName14	sa Mênagerie	
versailles_chateau	merveilles17_imp_pie-ir1673	placeName15	Sallon	
fontainebleau	merveilles17_imp_pie-ir1673	placeName16	Fontainebleau	
paris_palais-royal	merveilles17_ms_acflagrange_001	placeName	salle au Pallais R	
paris_louvre	merveilles17_ms_acflagrange_002	placeName1	au Louure	
paris_louvre	merveilles17_ms_acflagrange_002	placeName2	l’Apartement bas	
versailles	merveilles17_ms_acflagrange_002	placeName3	Versailles	
fontainebleau	merveilles17_ms_acflagrange_003	placeName	Fontainebleau	
versailles	merveilles17_ms_acflagrange_004	placeName	Versailles	
versailles_chateau	merveilles17_ms_ankk213_025	placeName1	château de Versailles	
versailles	merveilles17_ms_ankk213_025	placeName2	Versailles	
paris	merveilles17_ms_anmcrs388	placeName1	Paris	
paris_rue-sainte-anne	merveilles17_ms_anmcrs388	placeName2	rue Saincte-Anne	
paris_saint-roch	merveilles17_ms_anmcrs388	placeName3	parroisse Sainct-Roch	
paris_louvre	merveilles17_ms_anmcrs388	placeName4	les galleryes du Louvre	
paris_saint-germain-l-auxerrois	merveilles17_ms_anmcrs388	placeName5	parroisse Sainct-Germainl’Auxerrois	
versailles	merveilles17_ms_anmcrs388	placeName6	Versailles	
versailles	merveilles17_ms_anmcrs388	placeName7	Versailles	
paris	merveilles17_ms_anmcrs388	placeName8	Paris	
paris_louvre	merveilles17_ms_anmcrs388	placeName9	galleryes du Louvre	
vincennes_chateau	merveilles17_ms_ano12984_001	placeName1	Chateau de Vincennes	
versailles_chateau	merveilles17_ms_ano12984_001	placeName2	Chateau de Versailles	
fontainebleau_chateau	merveilles17_ms_ano12984_001	placeName3	Chateau de fontainebleau	
versailles_chateau	merveilles17_ms_ano12984_001	placeName4	Chateau de Versailles	
versailles_chateau	merveilles17_ms_bnfmscolbert268_038	placeName1	chasteau de Versailles	
versailles	merveilles17_ms_bnfmscolbert268_038	placeName2	Versailles	
fontainebleau	merveilles17_ms_bnfmsfr6143	placeName1	Fontainebleau	
fontainebleau_hotel-albret	merveilles17_ms_bnfmsfr6143	placeName2	l’hostel d’Albret	
paris_hotel-bourgogne	merveilles17_ms_bnfmsfr6143	placeName3	l’hostel de Bourgogne	
fontainebleau_chapelle	merveilles17_ms_bnfmsfr6143	placeName4	Chapelle de Fréminet	
fontainebleau_chateau	merveilles17_ms_bnfmsfr6143	placeName5	la salle de bal	
fontainebleau_chateau	merveilles17_ms_bnfmsfr6143	placeName6	le salon	
fontainebleau_chateau	merveilles17_ms_bnfmsfr6143	placeName7	le salon	
versailles	merveilles17_ms_pie-bizincourt_001	placeName1	Versailles	
france	merveilles17_ms_pie-bizincourt_001	placeName2	France	
versailles_jardins	merveilles17_ms_pie-bizincourt_001	placeName3		
versailles_jardins	merveilles17_ms_pie-bizincourt_001	placeName4		
france	merveilles17_ms_pie-bizincourt_001	placeName5	France	
france	merveilles17_ms_pie-bizincourt_001	placeName6	France	
espagne	merveilles17_ms_pie-bizincourt_001	placeName7	Espagne	
versailles_jardins	merveilles17_ms_pie-bizincourt_001	placeName8		
versailles_jardins	merveilles17_ms_pie-bizincourt_001	placeName9		
versailles_jardins	merveilles17_ms_pie-bizincourt_001	placeName10		
versailles_jardins	merveilles17_ms_pie-bizincourt_001	placeName11		
versailles	merveilles17_ms_pie-philidor	placeName1	Versailles	
paris	merveilles17_ms_pie-philidor	placeName2	Paris	
versailles_chateau	merveilles17_ms_pie-philidor	placeName3	Palais de sa Majesté	
paris	merveilles17_ms_pie-philidor	placeName4	Paris	
france	merveilles17_ms_pie-philidor	placeName5	France	
france	merveilles17_ms_pie-philidor	placeName6	France	
espagne	merveilles17_ms_pie-philidor	placeName7	Espagne	
versailles_chateau	merveilles17_ms_pie-philidor	placeName8	Chateau	
versailles	merveilles17_ms_pie-philidor	placeName9	Versailles	
versailles_chateau	merveilles17_ms_pie-philidor	placeName10	Maison de Versailles	
paris	merveilles17_ms_pie-philidor	placeName11	Paris	
versailles_jardins_menagerie	merveilles17_ms_pie-philidor	placeName12	sa Menagerie	
versailles_chateau	merveilles17_ms_pie-philidor	placeName13	son Sallon	
fontainebleau	merveilles17_ms_pie-philidor	placeName14	Fontainebleau	
versailles_chateau	merveilles17_ms_versbm_fromageotaiiic	placeName2	Versailles	
paris	merveilles17_ms_versbm_fromageotaiiic	placeName3	Paris	
paris_rue-saint-honore	merveilles17_ms_versbm_fromageotaiiic	placeName4	rue Sainct honoré	
paris_palais-royal	merveilles17_ms_versbm_fromageotaiiic	placeName5	palais roial	
paris_saint-germain-l-auxerrois	merveilles17_ms_versbm_fromageotaiiic	placeName6	paroisse Sainct Germain Lauxerrois	
versailles_chateau	merveilles17_ms_versbm_fromageotaiiic	placeName7	le Sallon de Versailles	
paris	merveilles17_ms_versbm_fromageotaiiic	placeName8	Paris	
paris_rue-petits-champs	merveilles17_ms_versbm_fromageotaiiic	placeName9	rue des Petits Champs	
paris_saint-eustache	merveilles17_ms_versbm_fromageotaiiic	placeName10	paroisse Saint Eustache	
