technique_code	document_code	anchor	occurrence
machine_terre	merveilles17_img_ano13238_015	tech1	
animal	merveilles17_img_ano13238_015	tech2	
costume	merveilles17_img_ano13238_015	tech3	
decor	merveilles17_img_ano13238_068	tech1	
construction	merveilles17_img_ano13238_068	tech2	
machine_eau	merveilles17_img_ano13238_068	tech3	
animal	merveilles17_img_ano13239_057	tech	
machine_terre	merveilles17_img_ano13241_077	tech1	
costume	merveilles17_img_ano13241_077	tech2	
decor	merveilles17_img_ano13242a_052	tech1	
costume	merveilles17_img_ano13242a_052	tech2	
machine_terre	merveilles17_img_ano13242a_052	tech3	
decor	merveilles17_img_ano13242a_088	tech	
decor	merveilles17_img_ano13242a_089	tech1	
costume	merveilles17_img_ano13242a_089	tech2	
construction	merveilles17_img_ano13242a_089	tech3	
lumieres	merveilles17_img_ano13242a_089	tech4	
decor	merveilles17_img_ano13242b_001	tech1	
costume	merveilles17_img_ano13242b_001	tech2	
machine_terre	merveilles17_img_ano13242b_001	tech3	
decor	merveilles17_img_ano13242b_002	tech1	
construction	merveilles17_img_ano13242b_002	tech2	
machine_eau	merveilles17_img_ano13242b_002	tech3	
costume	merveilles17_img_bnfestampesoa37_001	tech1	
animal	merveilles17_img_bnfestampesoa37_001	tech2	
animal	merveilles17_img_bnfestampesoa37_002	tech1	
costume	merveilles17_img_bnfestampesoa37_002	tech2	
machine_terre	merveilles17_img_bnfestampesoa37_003	tech1	
costume	merveilles17_img_bnfestampesoa37_003	tech2	
costume	merveilles17_img_bnfestampesoa37_004	tech1	
animal	merveilles17_img_bnfestampesoa37_004	tech2	
costume	merveilles17_img_bnfoperaea2_034	tech1	
machine-volante	merveilles17_img_bnfoperaea2_034	tech2	
costume	merveilles17_img_bnfoperaea2_035	tech1	
animal	merveilles17_img_bnfoperaea2_035	tech2	
costume	merveilles17_img_bradamante_001	tech	
costume	merveilles17_img_bradamante_002	tech	
construction	merveilles17_img_pie1comparse	tech1	
decor	merveilles17_img_pie1comparse	tech2	
machine_terre	merveilles17_img_pie1comparse	tech3	
decor	merveilles17_img_pie1comparse	tech4	Camp
machine_terre	merveilles17_img_pie1comparse	tech5	char de triomphe
decor	merveilles17_img_pie1course	tech1	
construction	merveilles17_img_pie1course	tech2	
decor	merveilles17_img_pie1course	tech3	l'Isle d'Alcine
decor	merveilles17_img_pie1festin	tech1	
lumieres	merveilles17_img_pie1festin	tech2	
	merveilles17_img_pie1festin	tech3	Festin
decor	merveilles17_img_pie1marche	tech1	
costume	merveilles17_img_pie1marche	tech2	
machine_terre	merveilles17_img_pie1marche	tech3	
decor	merveilles17_img_pie1marche	tech4	Isle d'Alcine
decor	merveilles17_img_pie1saisons	tech1	
machine_terre	merveilles17_img_pie1saisons	tech2	
animal	merveilles17_img_pie1saisons	tech3	
machine_terre	merveilles17_img_pie1saisons	tech4	machine de Pan, et de Diane
decor	merveilles17_img_pie2comedie	tech1	
construction	merveilles17_img_pie2comedie	tech2	
decor	merveilles17_img_pie2comedie	tech3	
costume	merveilles17_img_pie2comedie	tech4	
lumieres	merveilles17_img_pie2comedie	tech5	
construction	merveilles17_img_pie2comedie	tech6	Theatre
decor	merveilles17_img_pie3feu	tech1	
feux-artifice	merveilles17_img_pie3feu	tech2	
decor	merveilles17_img_pie3feu	tech3	Palais
feux-artifice	merveilles17_img_pie3feu	tech4	feu d'Artifice
decor	merveilles17_img_pie3theatre	tech1	
construction	merveilles17_img_pie3theatre	tech2	
machine_eau	merveilles17_img_pie3theatre	tech3	
animal	merveilles17_img_pie3theatre	tech4	
decor	merveilles17_img_pie3theatre	tech5	Theatre
construction	merveilles17_img_pie3theatre	tech6	Palais enchanté
construction	merveilles17_img_pie3theatre	tech7	Rocher
construction	merveilles17_img_pie3theatre	tech8	Palais
feux-artifice	merveilles17_img_pie3theatre	tech9	feu d'artifice
animal	merveilles17_img_stockp22_028	tech1	
costume	merveilles17_img_stockp22_028	tech2	
animal	merveilles17_img_stockp22_029	tech1	
costume	merveilles17_img_stockp22_029	tech2	
animal	merveilles17_img_stockp22_030	tech1	
costume	merveilles17_img_stockp22_030	tech2	
animal	merveilles17_img_stockp22_031	tech1	
costume	merveilles17_img_stockp22_031	tech2	
feux-artifice	merveilles17_img_verslamb2579	tech	
machine	merveilles17_imp_dv-felibien1676	tech1	Machines
construction	merveilles17_imp_dv-felibien1676	tech2	Théatres
construction	merveilles17_imp_dv-felibien1676	tech3	des Bocages ornez & enrichis de fontaines & de figures
	merveilles17_imp_dv-felibien1676	tech4	Bocages
decor	merveilles17_imp_dv-felibien1676	tech5	un gros arbre
eaux	merveilles17_imp_dv-felibien1676	tech6	infinité de jets d’eau
eaux	merveilles17_imp_dv-felibien1676	tech7	jets d’eau
construction	merveilles17_imp_dv-felibien1676	tech8	un grand nombre d’autres
construction	merveilles17_imp_dv-felibien1676	tech9	un gros jet d’eau
construction	merveilles17_imp_dv-felibien1676	tech10	ajutages
decor	merveilles17_imp_dv-felibien1676	tech11	grand nombre d’orangers & de pots de porcelaines remplis d’une infinité de diverses fleurs, que par des festons aussi de fleurs, disposez d’une maniére qui les faisoit beaucoup paroître parmi les arbres ausquels ils estoient attachez. Une infinité de jattes & de cuvettes de porcelaine, pleines de toutes sortes de fruits, couvroient non seulement ces tables de marbre dont j’ay parlé, mais encore toutes les marches de gazon qui sont aux environs. Entre les jattes & les cuvettes il y avoit des corbeilles remplies de pastes & de fruits confits entremêlez de caraffes de crystal & d’autres petites porcelaines, où l’on avoit mis toutes sortes de liqueurs
lumieres	merveilles17_imp_dv-felibien1676	tech12	deux rangs de bougies
lumieres	merveilles17_imp_dv-felibien1676	tech13	d’autres lumiéres
construction	merveilles17_imp_dv-felibien1676	tech14	Le Théatre
construction	merveilles17_imp_dv-felibien1676	tech15	un pareil nombre de piedestaux de marbre
lumieres	merveilles17_imp_dv-felibien1676	tech16	girandoles
lumieres	merveilles17_imp_dv-felibien1676	tech17	dix bougies
lumieres	merveilles17_imp_dv-felibien1676	tech18	une girandole
construction	merveilles17_imp_dv-felibien1676	tech19	Théatre
lumieres	merveilles17_imp_dv-felibien1676	tech20	un grand lustre
lumieres	merveilles17_imp_dv-felibien1676	tech21	girandoles
eaux	merveilles17_imp_dv-felibien1676	tech22	six differens jets
eaux	merveilles17_imp_dv-felibien1676	tech23	jets d’eau
lumieres	merveilles17_imp_dv-felibien1676	tech24	tant de lumiéres
lumieres	merveilles17_imp_dv-felibien1676	tech25	tant de lumiéres
lumieres	merveilles17_imp_dv-felibien1676	tech26	tant de lustres
lumieres	merveilles17_imp_dv-felibien1676	tech27	girandoles
construction	merveilles17_imp_dv-felibien1676	tech28	ce Théatre
musique	merveilles17_imp_dv-felibien1676	tech29	la Musique
construction	merveilles17_imp_dv-felibien1676	tech30	un Salon de verdure
construction	merveilles17_imp_dv-felibien1676	tech31	des Amphithéatres
musique	merveilles17_imp_dv-felibien1676	tech32	la Musique
construction	merveilles17_imp_dv-felibien1676	tech33	Ce Salon
construction	merveilles17_imp_dv-felibien1676	tech34	un gros jet d’eau
decor	merveilles17_imp_dv-felibien1676	tech35	cinq Figures de Satyres
construction	merveilles17_imp_dv-felibien1676	tech36	ce Salon
musique	merveilles17_imp_dv-felibien1676	tech37	la Musique
	merveilles17_imp_dv-felibien1676	tech38	la promenade
machine_eau	merveilles17_imp_dv-felibien1676	tech39	machines
eaux	merveilles17_imp_dv-felibien1676	tech40	plusieurs jets d’eau
eaux	merveilles17_imp_dv-felibien1676	tech41	soixante-treize jets d’eau
lumieres	merveilles17_imp_dv-felibien1676	tech42	plus de cent cinquante lustres
lumieres	merveilles17_imp_dv-felibien1676	tech43	des girandoles
lumieres	merveilles17_imp_dv-felibien1676	tech44	bougies
lumieres	merveilles17_imp_dv-felibien1676	tech45	des girandoles
lumieres	merveilles17_imp_dv-felibien1676	tech46	bougies
animal	merveilles17_imp_dv-felibien1676	tech47	d’oiseaux tres-rares, & d’une quantité incroyable d’autres animaux sauvages.
musique	merveilles17_imp_dv-felibien1676	tech48	la musique
construction	merveilles17_imp_dv-felibien1676	tech49	Théatre
construction	merveilles17_imp_dv-felibien1676	tech50	ce Théatre
lumieres	merveilles17_imp_dv-felibien1676	tech51	Sept grands lustres
construction	merveilles17_imp_dv-felibien1676	tech52	Théatre
lumieres	merveilles17_imp_dv-felibien1676	tech53	quantité de girandoles
lumieres	merveilles17_imp_dv-felibien1676	tech54	une infinité d’autres lumiéres
lumieres	merveilles17_imp_dv-felibien1676	tech55	infinité de bougies
lumieres	merveilles17_imp_dv-felibien1676	tech56	tant de lumiéres
construction	merveilles17_imp_dv-felibien1676	tech57	THEATRE
construction	merveilles17_imp_dv-felibien1676	tech58	le Théatre
construction	merveilles17_imp_dv-felibien1676	tech59	bassins de fontaines
construction	merveilles17_imp_dv-felibien1676	tech60	Théatre
construction	merveilles17_imp_dv-felibien1676	tech61	deux lances d’eau
eaux	merveilles17_imp_dv-felibien1676	tech62	quantité des jets d’eau
construction	merveilles17_imp_dv-felibien1676	tech63	une infinité de figures d’eau
eaux	merveilles17_imp_dv-felibien1676	tech64	plusieurs jets
construction	merveilles17_imp_dv-felibien1676	tech65	plusieurs palissades de lances
lumieres	merveilles17_imp_dv-felibien1676	tech66	petits chandeliers
animal	merveilles17_imp_dv-felibien1676	tech67	aigrettes
construction	merveilles17_imp_dv-felibien1676	tech68	un Théatre
construction	merveilles17_imp_dv-felibien1676	tech69	bassins de fontaine
construction	merveilles17_imp_dv-felibien1676	tech70	le Théatre
musique	merveilles17_imp_dv-felibien1676	tech71	la Musique
lumieres	merveilles17_imp_dv-felibien1676	tech72	cent flambeaux
feux-artifice	merveilles17_imp_dv-felibien1676	tech73	Feu d’artifice
lumieres	merveilles17_imp_dv-felibien1676	tech74	Figures d’illuminations
lumieres	merveilles17_imp_dv-felibien1676	tech75	lumiéres
feux-artifice	merveilles17_imp_dv-felibien1676	tech76	une infinité de feux
feux-artifice	merveilles17_imp_dv-felibien1676	tech77	Mille fusées
lumieres	merveilles17_imp_dv-felibien1676	tech78	lumiéres differentes
bruitage	merveilles17_imp_dv-felibien1676	tech79	bruit des canons
feux-artifice	merveilles17_imp_dv-felibien1676	tech80	les feux
lumieres	merveilles17_imp_dv-felibien1676	tech81	mille lumiéres
lumieres	merveilles17_imp_dv-felibien1676	tech82	girandole de crystal
lumieres	merveilles17_imp_dv-felibien1676	tech83	plusieurs bougies
decor	merveilles17_imp_dv-felibien1676	tech84	huit Figures d’argent drapées d’or. Ces figures estoient assises & disposées en differenes attitudes, tenans toutes des flageolets & autres instrumens champestres, dont elles sembloient jouër.
lumieres	merveilles17_imp_dv-felibien1676	tech85	une girandole
lumieres	merveilles17_imp_dv-felibien1676	tech86	un lustre
lumieres	merveilles17_imp_dv-felibien1676	tech87	bougies
lumieres	merveilles17_imp_dv-felibien1676	tech88	girandole
machine_terre	merveilles17_imp_dv-felibien1676	tech89	cette machine
lumieres	merveilles17_imp_dv-felibien1676	tech90	une rangée de bougies
lumieres	merveilles17_imp_dv-felibien1676	tech91	six cens bougies
lumieres	merveilles17_imp_dv-felibien1676	tech92	des rangées de bougies
machine_terre	merveilles17_imp_dv-felibien1676	tech93	cette machine
lumieres	merveilles17_imp_dv-felibien1676	tech94	lumiéres
construction	merveilles17_imp_dv-felibien1676	tech95	un bassin de fontaine, d’où s’éleve un piedestal, qui porte un autre bassin en forme de table ronde, dont les bords sont de pierres congelées de differentes couleurs
eaux	merveilles17_imp_dv-felibien1676	tech96	L’eau qui sort du milieu de ce bassin par la bouche d’un gros masque de bronze doré, retombe par napes dechirées dans la bassin d’embas
eaux	merveilles17_imp_dv-felibien1676	tech97	jet d’eau
construction	merveilles17_imp_dv-felibien1676	tech98	un Théatre
lumieres	merveilles17_imp_dv-felibien1676	tech99	girandoles
lumieres	merveilles17_imp_dv-felibien1676	tech100	plusieurs bougies
construction	merveilles17_imp_dv-felibien1676	tech101	ce Théatre
eaux	merveilles17_imp_dv-felibien1676	tech102	la grande piéce d’eau
lumieres	merveilles17_imp_dv-felibien1676	tech103	lumiéres coloriées
construction	merveilles17_imp_dv-felibien1676	tech104	un rocher
lumieres	merveilles17_imp_dv-felibien1676	tech105	un Obelisque tout de lumiére
construction	merveilles17_imp_dv-felibien1676	tech106	Du rocher
machine_eau	merveilles17_imp_dv-felibien1676	tech107	un Dragon les aîles déployées, qui sembloit à demi écrasé sous le faix de la machine
construction	merveilles17_imp_dv-felibien1676	tech108	rocher
lumieres	merveilles17_imp_dv-felibien1676	tech109	d’illuminations
lumieres	merveilles17_imp_dv-felibien1676	tech110	mille feux étincelans
machine_terre	merveilles17_imp_dv-felibien1676	tech111	Cette machine
	merveilles17_imp_dv-felibien1676	tech112	une lumiére
eaux	merveilles17_imp_dv-felibien1676	tech113	la pièce d’eau
lumieres	merveilles17_imp_dv-felibien1676	tech114	plusieurs lances à feu
lumieres	merveilles17_imp_dv-felibien1676	tech115	semblables lumiéres
lumieres	merveilles17_imp_dv-felibien1676	tech116	un nombre infini de feux
machine_eau	merveilles17_imp_dv-felibien1676	tech117	Dragon
feux-artifice	merveilles17_imp_dv-felibien1676	tech118	des torrens de feu
feux-artifice	merveilles17_imp_dv-felibien1676	tech119	mille éclairs & mille foudres
feux-artifice	merveilles17_imp_dv-felibien1676	tech120	Un nombre infini de semblables feux
machine_eau	merveilles17_imp_dv-felibien1676	tech121	le Dragon
eaux	merveilles17_imp_dv-felibien1676	tech122	la piéce d’eau
feux-artifice	merveilles17_imp_dv-felibien1676	tech123	petits tourbillons de feu
feux-artifice	merveilles17_imp_dv-felibien1676	tech124	une infinité d’autres feux
feux-artifice	merveilles17_imp_dv-felibien1676	tech125	mille étincelles de feu
feux-artifice	merveilles17_imp_dv-felibien1676	tech126	mille fusées
feux-artifice	merveilles17_imp_dv-felibien1676	tech127	mille autres feux
feux-artifice	merveilles17_imp_dv-felibien1676	tech128	Mille partemens de fusées
feux-artifice	merveilles17_imp_dv-felibien1676	tech129	gerbes de feu
	merveilles17_imp_dv-felibien1676	tech130	cette grande piéce d’eau
feux-artifice	merveilles17_imp_dv-felibien1676	tech131	nombre de cinq milles fusées
feux-artifice	merveilles17_imp_dv-felibien1676	tech132	trente mille differentes piéces d’artifice
machine_eau	merveilles17_imp_dv-felibien1676	tech133	la Machine
lumieres	merveilles17_imp_dv-felibien1676	tech134	d’Illuminations
musique	merveilles17_imp_dv-felibien1676	tech135	les musiques
feux-artifice	merveilles17_imp_dv-felibien1676	tech136	les feux d’artifice
lumieres	merveilles17_imp_dv-felibien1676	tech137	tracez du lumiéres
lumieres	merveilles17_imp_dv-felibien1676	tech138	double rang de feux
lumieres	merveilles17_imp_dv-felibien1676	tech139	pareilles lumiéres
eaux	merveilles17_imp_dv-felibien1676	tech140	mille jets d’eau
lumieres	merveilles17_imp_dv-felibien1676	tech141	Ces lumiéres
lumieres	merveilles17_imp_dv-felibien1676	tech142	figures de feu
lumieres	merveilles17_imp_dv-felibien1676	tech143	une lumiére douce
feux-artifice	merveilles17_imp_dv-felibien1676	tech144	ces feux
decor	merveilles17_imp_dv-felibien1676	tech145	Figures illuminées
eaux	merveilles17_imp_dv-felibien1676	tech146	la piéce d’eau
lumieres	merveilles17_imp_dv-felibien1676	tech147	Illuminations
lumieres	merveilles17_imp_dv-felibien1676	tech148	six cens cinquante Termes de lumiéres
lumieres	merveilles17_imp_dv-felibien1676	tech149	lumiéres
construction	merveilles17_imp_dv-felibien1676	tech150	la grande piéce d’eau
construction	merveilles17_imp_dv-felibien1676	tech151	Cette piéce d’eau
construction	merveilles17_imp_dv-felibien1676	tech152	un Palais
construction	merveilles17_imp_dv-felibien1676	tech153	un Palais
lumieres	merveilles17_imp_dv-felibien1676	tech154	feu & des éclats de lumiéres
lumieres	merveilles17_imp_dv-felibien1676	tech155	d’étincelles de feu
eaux	merveilles17_imp_dv-felibien1676	tech156	un gros jet d’eau
construction	merveilles17_imp_dv-felibien1676	tech157	deux rochers
eaux	merveilles17_imp_dv-felibien1676	tech158	un gros jet d’eau
lumieres	merveilles17_imp_dv-felibien1676	tech159	des lumiéres
construction	merveilles17_imp_dv-felibien1676	tech160	cette grande piéce d’eau
lumieres	merveilles17_imp_dv-felibien1676	tech161	la lumiére
lumieres	merveilles17_imp_dv-felibien1676	tech162	ces grandes piéces d’eau éclairées
lumieres	merveilles17_imp_dv-felibien1676	tech163	Figures lumineuses
lumieres	merveilles17_imp_dv-felibien1676	tech164	ces Illuminations
lumieres	merveilles17_imp_dv-felibien1676	tech165	les lumiéres
lumieres	merveilles17_imp_dv-felibien1676	tech166	vingt mille lumiéres
lumieres	merveilles17_imp_dv-felibien1676	tech167	quatre milles autres feux
construction	merveilles17_imp_gazette16640216	tech1	Théâtre
decor	merveilles17_imp_gazette16640216	tech2	la premiére décoration du Théatre; & se change en vne Mer
costume	merveilles17_imp_gazette16640216	tech3	déguisez en Rameurs
costume	merveilles17_imp_gazette16640216	tech4	Iardiniers
costume	merveilles17_imp_gazette16640216	tech5	déguisez, aussi
decor	merveilles17_imp_gazette16640216	tech6	Palais enchanté d’Armide
costume	merveilles17_imp_gazette16640216	tech7	l’habit de Bergers
decor	merveilles17_imp_gazette16640216	tech8	Palais
machine_eau	merveilles17_imp_gazette16640216	tech9	Machine
machine_eau	merveilles17_imp_gazette16640216	tech10	Conque marine
costume	merveilles17_imp_gazette16640216	tech11	Nymphes
lumieres	merveilles17_imp_gazette16640216	tech12	Flambeaux
costume	merveilles17_imp_gazette16640216	tech13	Grecs
lumieres	merveilles17_imp_gazette16640216	tech14	flambeaux
lumieres	merveilles17_imp_gazette16640216	tech15	infinité de cierges
lumieres	merveilles17_imp_gazette16640510	tech1	plus de deux mille lumiéres
feux-artifice	merveilles17_imp_gazette16640510	tech2	feu d’Artifice
musique	merveilles17_imp_gazette16640528	tech1	Musique
construction	merveilles17_imp_gazette16640528	tech2	grands Portiques de verdure
construction	merveilles17_imp_gazette16640528	tech3	vn Rond
construction	merveilles17_imp_gazette16640528	tech4	hauts Dais
construction	merveilles17_imp_gazette16640528	tech5	Echafaux
costume	merveilles17_imp_gazette16640528	tech6	richement vestus à la Gréque
machine_temps	merveilles17_imp_gazette16640528	tech7	vn Char de Triomphe
machine_temps	merveilles17_imp_gazette16640528	tech8	roulante Machine
animal	merveilles17_imp_gazette16640528	tech9	quatre grands chevaux qui représentoyent les quatre Saisons, par les différantes couleurs de leur poil.
machine_temps	merveilles17_imp_gazette16640528	tech10	le Char
lumieres	merveilles17_imp_gazette16640528	tech11	nombre infini de flambeaux sur des chandeliers suspendus
animal	merveilles17_imp_gazette16640528	tech12	vn cheval de Naples
animal	merveilles17_imp_gazette16640528	tech13	vn Eléphant d’Ethiopie
animal	merveilles17_imp_gazette16640528	tech14	vn Chameau d’Asie
animal	merveilles17_imp_gazette16640528	tech15	vn Ours d’Hybernie
animal	merveilles17_imp_gazette16640528	tech16	les 4 Animaux
machine_terre	merveilles17_imp_gazette16640528	tech17	vne Machine
machine_terre	merveilles17_imp_gazette16640528	tech18	Machine
lumieres	merveilles17_imp_gazette16640528	tech19	des flambeaux
machine	merveilles17_imp_gazette16640528	tech20	les Machines
construction	merveilles17_imp_gazette16640528	tech21	Echafaut
lumieres	merveilles17_imp_gazette16640528	tech22	72 flambeaux
construction	merveilles17_imp_gazette16640528	tech23	Echafaux, vis à vis vn autre Portique fermé par vn Rideau
lumieres	merveilles17_imp_gazette16640528	tech24	quantité de Lustres
construction	merveilles17_imp_gazette16640528	tech25	vn Rondeau
construction	merveilles17_imp_gazette16640528	tech26	vn Rocher
construction	merveilles17_imp_gazette16640528	tech27	vn autre de huit pieds de large, & d’autant de haut
decor	merveilles17_imp_gazette16640528	tech28	cette Isle
construction	merveilles17_imp_gazette16640528	tech29	encor deux
construction	merveilles17_imp_gazette16640528	tech30	Ces Rochers
costume	merveilles17_imp_gazette16640528	tech31	vestus de tres magnifiques habits
construction	merveilles17_imp_gazette16640528	tech32	Rondeau
lumieres	merveilles17_imp_gazette16640528	tech33	prodigieuse quantité de flambeaux d’autres lumiéres
construction	merveilles17_imp_gazette16640528	tech34	Amphitéatres
decor	merveilles17_imp_gazette16640528	tech35	l’Isle
construction	merveilles17_imp_gazette16640528	tech36	Rochers
construction	merveilles17_imp_gazette16640528	tech37	Rondeau
construction	merveilles17_imp_gazette16640528	tech38	Palais
trappe	merveilles17_imp_gazette16640528	tech39	artifice
construction	merveilles17_imp_gazette16640528	tech40	Rocher
construction	merveilles17_imp_gazette16640528	tech41	Palais
construction	merveilles17_imp_gazette16640528	tech42	Rocher
machine	merveilles17_imp_gazette16640528	tech43	Machines
construction	merveilles17_imp_gazette16640528	tech44	les Rochers
lumieres	merveilles17_imp_gazette16640528	tech45	deux flambeaux
costume	merveilles17_imp_gazette16640528	tech46	déguisée en
construction	merveilles17_imp_gazette16640528	tech47	Palais
lumieres	merveilles17_imp_gazette16640528	tech48	vn flambeau
feux-artifice	merveilles17_imp_gazette16640528	tech49	Feu d’artifice
feux-artifice	merveilles17_imp_gdv-felibien1668	tech1	feu d’artifice
decor	merveilles17_imp_gdv-felibien1668	tech2	decoration
eaux	merveilles17_imp_gdv-felibien1668	tech3	eaux
feux-artifice	merveilles17_imp_gdv-felibien1668	tech4	feux d’artifices
construction	merveilles17_imp_gdv-felibien1668	tech5	theatre
eaux	merveilles17_imp_gdv-felibien1668	tech6	pompe
eaux	merveilles17_imp_gdv-felibien1668	tech7	boüillon d’eau
decor	merveilles17_imp_gdv-felibien1668	tech8	quatre petits Amours sur des cignes
eaux	merveilles17_imp_gdv-felibien1668	tech9	jet d’eau
decor	merveilles17_imp_gdv-felibien1668	tech10	Deux de ces Amours
decor	merveilles17_imp_gdv-felibien1668	tech11	ces Amours
decor	merveilles17_imp_gdv-felibien1668	tech12	Dauphins de bronze
eaux	merveilles17_imp_gdv-felibien1668	tech13	boüillons d’eau
decor	merveilles17_imp_gdv-felibien1668	tech14	tables
decor	merveilles17_imp_gdv-felibien1668	tech15	bufets
decor	merveilles17_imp_gdv-felibien1668	tech16	tables
decor	merveilles17_imp_gdv-felibien1668	tech17	une montagne, où dans plusieurs especes de cavernes on voyoit diverses sortes de viandes froides
decor	merveilles17_imp_gdv-felibien1668	tech18	un Palais basty de massepains & pastes sucrées
decor	merveilles17_imp_gdv-felibien1668	tech19	pyramides de confitures seiches
decor	merveilles17_imp_gdv-felibien1668	tech20	vases
decor	merveilles17_imp_gdv-felibien1668	tech21	tables
decor	merveilles17_imp_gdv-felibien1668	tech22	feüillages
decor	merveilles17_imp_gdv-felibien1668	tech23	festons de fleurs
decor	merveilles17_imp_gdv-felibien1668	tech24	Bacchantes
decor	merveilles17_imp_gdv-felibien1668	tech25	tables
decor	merveilles17_imp_gdv-felibien1668	tech26	vase
decor	merveilles17_imp_gdv-felibien1668	tech27	oranger dont les fruits estoient confits
decor	merveilles17_imp_gdv-felibien1668	tech28	orangers
decor	merveilles17_imp_gdv-felibien1668	tech29	arbres de differentes especes, dont les fruits estoient pareillement confits
decor	merveilles17_imp_gdv-felibien1668	tech30	Tables
eaux	merveilles17_imp_gdv-felibien1668	tech31	jet d’eau
decor	merveilles17_imp_gdv-felibien1668	tech32	buffets
decor	merveilles17_imp_gdv-felibien1668	tech33	branches d’arbres
decor	merveilles17_imp_gdv-felibien1668	tech34	fleurs
construction	merveilles17_imp_gdv-felibien1668	tech35	La palissade
construction	merveilles17_imp_gdv-felibien1668	tech36	branches des arbres & à les lier ensemble de diverses façons, en avoit formé une espece d’architecture
construction	merveilles17_imp_gdv-felibien1668	tech37	socle de verdure
construction	merveilles17_imp_gdv-felibien1668	tech38	dé
decor	merveilles17_imp_gdv-felibien1668	tech39	vase
decor	merveilles17_imp_gdv-felibien1668	tech40	fleurs
construction	merveilles17_imp_gdv-felibien1668	tech41	dé
construction	merveilles17_imp_gdv-felibien1668	tech42	socle
decor	merveilles17_imp_gdv-felibien1668	tech43	vases
decor	merveilles17_imp_gdv-felibien1668	tech44	fleurs
construction	merveilles17_imp_gdv-felibien1668	tech45	palissade
decor	merveilles17_imp_gdv-felibien1668	tech46	vases aussi remplis de fleurs
construction	merveilles17_imp_gdv-felibien1668	tech47	sieges de gazon
decor	merveilles17_imp_gdv-felibien1668	tech48	couches de melons
decor	merveilles17_imp_gdv-felibien1668	tech49	couches
construction	merveilles17_imp_gdv-felibien1668	tech50	sieges de gazon
decor	merveilles17_imp_gdv-felibien1668	tech51	vases remplis de divers arbres chargez de leurs fruits
decor	merveilles17_imp_gdv-felibien1668	tech52	arbres
construction	merveilles17_imp_gdv-felibien1668	tech53	niches de verdure
construction	merveilles17_imp_gdv-felibien1668	tech54	niches
construction	merveilles17_imp_gdv-felibien1668	tech55	pilastres
decor	merveilles17_imp_gdv-felibien1668	tech56	rouleaux
decor	merveilles17_imp_gdv-felibien1668	tech57	fleurs
decor	merveilles17_imp_gdv-felibien1668	tech58	festons
decor	merveilles17_imp_gdv-felibien1668	tech59	rouleaux
construction	merveilles17_imp_gdv-felibien1668	tech60	niche
construction	merveilles17_imp_gdv-felibien1668	tech61	arcades
construction	merveilles17_imp_gdv-felibien1668	tech62	pilastres
construction	merveilles17_imp_gdv-felibien1668	tech63	pilastres
decor	merveilles17_imp_gdv-felibien1668	tech64	vases remplis de fleurs
construction	merveilles17_imp_gdv-felibien1668	tech65	niches
decor	merveilles17_imp_gdv-felibien1668	tech66	Dieu Pan
decor	merveilles17_imp_gdv-felibien1668	tech67	la Divinité
construction	merveilles17_imp_gdv-felibien1668	tech68	niches
decor	merveilles17_imp_gdv-felibien1668	tech69	Satyres
decor	merveilles17_imp_gdv-felibien1668	tech70	Tables
decor	merveilles17_imp_gdv-felibien1668	tech71	châteaux de massepain & ces montagnes de confitures
eaux	merveilles17_imp_gdv-felibien1668	tech72	jets d’eau
construction	merveilles17_imp_gdv-felibien1668	tech73	Le Theatre
construction	merveilles17_imp_gdv-felibien1668	tech74	la Salle
construction	merveilles17_imp_gdv-felibien1668	tech75	Salon
construction	merveilles17_imp_gdv-felibien1668	tech76	la corniche
construction	merveilles17_imp_gdv-felibien1668	tech77	plat-fond
decor	merveilles17_imp_gdv-felibien1668	tech78	feüillée
decor	merveilles17_imp_gdv-felibien1668	tech79	tapisseries
decor	merveilles17_imp_gdv-felibien1668	tech80	decoration
construction	merveilles17_imp_gdv-felibien1668	tech81	plat-fond
lumieres	merveilles17_imp_gdv-felibien1668	tech82	chandeliers
lumieres	merveilles17_imp_gdv-felibien1668	tech83	bougies
construction	merveilles17_imp_gdv-felibien1668	tech84	la Sale
construction	merveilles17_imp_gdv-felibien1668	tech85	le parterre
construction	merveilles17_imp_gdv-felibien1668	tech86	Sale
construction	merveilles17_imp_gdv-felibien1668	tech87	arcades
construction	merveilles17_imp_gdv-felibien1668	tech88	Theatre
construction	merveilles17_imp_gdv-felibien1668	tech89	Theatre
construction	merveilles17_imp_gdv-felibien1668	tech90	colomnes torses
decor	merveilles17_imp_gdv-felibien1668	tech91	branches
decor	merveilles17_imp_gdv-felibien1668	tech92	feüilles de vigne
construction	merveilles17_imp_gdv-felibien1668	tech93	pieds d’estaux de marbre
construction	merveilles17_imp_gdv-felibien1668	tech94	corniche
decor	merveilles17_imp_gdv-felibien1668	tech95	les armes du Roy
decor	merveilles17_imp_gdv-felibien1668	tech96	trophées
construction	merveilles17_imp_gdv-felibien1668	tech97	colomne
decor	merveilles17_imp_gdv-felibien1668	tech98	figure
decor	merveilles17_imp_gdv-felibien1668	tech99	la Paix
decor	merveilles17_imp_gdv-felibien1668	tech100	la Victoire
construction	merveilles17_imp_gdv-felibien1668	tech101	le haut Dais
construction	merveilles17_imp_gdv-felibien1668	tech102	parterre
decor	merveilles17_imp_gdv-felibien1668	tech103	la decoration
construction	merveilles17_imp_gdv-felibien1668	tech104	Theatre
decor	merveilles17_imp_gdv-felibien1668	tech105	un jardin
decor	merveilles17_imp_gdv-felibien1668	tech106	jardin
construction	merveilles17_imp_gdv-felibien1668	tech107	palissades
construction	merveilles17_imp_gdv-felibien1668	tech108	la corniche
construction	merveilles17_imp_gdv-felibien1668	tech109	termes
decor	merveilles17_imp_gdv-felibien1668	tech110	Satyres
construction	merveilles17_imp_gdv-felibien1668	tech111	termes
construction	merveilles17_imp_gdv-felibien1668	tech112	guaine
decor	merveilles17_imp_gdv-felibien1668	tech113	Satyres
construction	merveilles17_imp_gdv-felibien1668	tech114	pieds d’estaux
construction	merveilles17_imp_gdv-felibien1668	tech115	termes
decor	merveilles17_imp_gdv-felibien1668	tech116	vases dorez aussi remplis de fleurs
construction	merveilles17_imp_gdv-felibien1668	tech117	terrasses
decor	merveilles17_imp_gdv-felibien1668	tech118	canal
decor	merveilles17_imp_gdv-felibien1668	tech119	terrasses
decor	merveilles17_imp_gdv-felibien1668	tech120	masques
eaux	merveilles17_imp_gdv-felibien1668	tech121	l’eau
decor	merveilles17_imp_gdv-felibien1668	tech122	le canal
decor	merveilles17_imp_gdv-felibien1668	tech123	masques
decor	merveilles17_imp_gdv-felibien1668	tech124	vases
eaux	merveilles17_imp_gdv-felibien1668	tech125	jets d’eau
construction	merveilles17_imp_gdv-felibien1668	tech126	terrasses
construction	merveilles17_imp_gdv-felibien1668	tech127	les termes
construction	merveilles17_imp_gdv-felibien1668	tech128	cabinets
construction	merveilles17_imp_gdv-felibien1668	tech129	cabinet
construction	merveilles17_imp_gdv-felibien1668	tech130	bassin de marbre soûtenu sur un pied d’estail
construction	merveilles17_imp_gdv-felibien1668	tech131	bassins
eaux	merveilles17_imp_gdv-felibien1668	tech132	jets d’eau
decor	merveilles17_imp_gdv-felibien1668	tech133	canal
eaux	merveilles17_imp_gdv-felibien1668	tech134	jets d’eau
construction	merveilles17_imp_gdv-felibien1668	tech135	édifice
construction	merveilles17_imp_gdv-felibien1668	tech136	portiques
construction	merveilles17_imp_gdv-felibien1668	tech137	Theatre
costume	merveilles17_imp_gdv-felibien1668	tech138	déguisez en valets de festes
decor	merveilles17_imp_gdv-felibien1668	tech139	decoration du theatre
eaux	merveilles17_imp_gdv-felibien1668	tech140	jets d’eau
construction	merveilles17_imp_gdv-felibien1668	tech141	ces cabinets & de ces allées
construction	merveilles17_imp_gdv-felibien1668	tech142	theatre
decor	merveilles17_imp_gdv-felibien1668	tech143	grandes roches entremeslées d’arbres
costume	merveilles17_imp_gdv-felibien1668	tech144	galamment vestuës
decor	merveilles17_imp_gdv-felibien1668	tech145	un grand rocher couvert d’arbres
construction	merveilles17_imp_gdv-felibien1668	tech146	Theatre
construction	merveilles17_imp_gdv-felibien1668	tech147	Portique
construction	merveilles17_imp_gdv-felibien1668	tech148	Salon
construction	merveilles17_imp_gdv-felibien1668	tech149	Edifice
construction	merveilles17_imp_gdv-felibien1668	tech150	Dôme
decor	merveilles17_imp_gdv-felibien1668	tech151	feüillages
lumieres	merveilles17_imp_gdv-felibien1668	tech152	lumieres
construction	merveilles17_imp_gdv-felibien1668	tech153	pilastres
construction	merveilles17_imp_gdv-felibien1668	tech154	pilastres
decor	merveilles17_imp_gdv-felibien1668	tech155	vases
lumieres	merveilles17_imp_gdv-felibien1668	tech156	lumieres
decor	merveilles17_imp_gdv-felibien1668	tech157	vases
lumieres	merveilles17_imp_gdv-felibien1668	tech158	feu
construction	merveilles17_imp_gdv-felibien1668	tech159	edifice
construction	merveilles17_imp_gdv-felibien1668	tech160	pieds d’estaux de verdure
decor	merveilles17_imp_gdv-felibien1668	tech161	figures
decor	merveilles17_imp_gdv-felibien1668	tech162	deux Faunes
decor	merveilles17_imp_gdv-felibien1668	tech163	frise
decor	merveilles17_imp_gdv-felibien1668	tech164	basreliefs
decor	merveilles17_imp_gdv-felibien1668	tech165	figures
decor	merveilles17_imp_gdv-felibien1668	tech166	feüillage
lumieres	merveilles17_imp_gdv-felibien1668	tech167	lumiere
decor	merveilles17_imp_gdv-felibien1668	tech168	figures
construction	merveilles17_imp_gdv-felibien1668	tech169	dôme
decor	merveilles17_imp_gdv-felibien1668	tech170	basreliefs
decor	merveilles17_imp_gdv-felibien1668	tech171	trophées
construction	merveilles17_imp_gdv-felibien1668	tech172	edifice
construction	merveilles17_imp_gdv-felibien1668	tech173	dôme
construction	merveilles17_imp_gdv-felibien1668	tech174	Rocher
construction	merveilles17_imp_gdv-felibien1668	tech175	Rocher
construction	merveilles17_imp_gdv-felibien1668	tech176	Rocher
construction	merveilles17_imp_gdv-felibien1668	tech177	Rocher
decor	merveilles17_imp_gdv-felibien1668	tech178	le cheval Pegaze
eaux	merveilles17_imp_gdv-felibien1668	tech179	l’eau
eaux	merveilles17_imp_gdv-felibien1668	tech180	fleuves
eaux	merveilles17_imp_gdv-felibien1668	tech181	boüillons
construction	merveilles17_imp_gdv-felibien1668	tech182	Rocher
eaux	merveilles17_imp_gdv-felibien1668	tech183	chûtes
eaux	merveilles17_imp_gdv-felibien1668	tech184	ruisseaux
decor	merveilles17_imp_gdv-felibien1668	tech185	les cailloux & les coquilles
construction	merveilles17_imp_gdv-felibien1668	tech186	Rocher
eaux	merveilles17_imp_gdv-felibien1668	tech187	gouttes d’eau
eaux	merveilles17_imp_gdv-felibien1668	tech188	cascades
decor	merveilles17_imp_gdv-felibien1668	tech189	coquillages
decor	merveilles17_imp_gdv-felibien1668	tech190	coquilles
eaux	merveilles17_imp_gdv-felibien1668	tech191	eaux venant à se répandre & à couler agreablement faisoient une infinité de retours qui paroissoient autant de petites ondes
eaux	merveilles17_imp_gdv-felibien1668	tech192	cascades
construction	merveilles17_imp_gdv-felibien1668	tech193	canaux
construction	merveilles17_imp_gdv-felibien1668	tech194	Rocher
eaux	merveilles17_imp_gdv-felibien1668	tech195	eaux
construction	merveilles17_imp_gdv-felibien1668	tech196	canaux
decor	merveilles17_imp_gdv-felibien1668	tech197	carreaux de porcelaine & de mousse
decor	merveilles17_imp_gdv-felibien1668	tech198	vases
eaux	merveilles17_imp_gdv-felibien1668	tech199	l’eau
decor	merveilles17_imp_gdv-felibien1668	tech200	coupes de crystal
construction	merveilles17_imp_gdv-felibien1668	tech201	canaux
decor	merveilles17_imp_gdv-felibien1668	tech202	cheval Pegase
decor	merveilles17_imp_gdv-felibien1668	tech203	la figure d’Apollon
decor	merveilles17_imp_gdv-felibien1668	tech204	les neuf Muses
construction	merveilles17_imp_gdv-felibien1668	tech205	Rocher
eaux	merveilles17_imp_gdv-felibien1668	tech206	la chûte de ces fleuves
decor	merveilles17_imp_gdv-felibien1668	tech207	figures
decor	merveilles17_imp_gdv-felibien1668	tech208	les Divinitez
construction	merveilles17_imp_gdv-felibien1668	tech209	Rocher
eaux	merveilles17_imp_gdv-felibien1668	tech210	effets d’eau
lumieres	merveilles17_imp_gdv-felibien1668	tech211	lumieres
decor	merveilles17_imp_gdv-felibien1668	tech212	les figures
eaux	merveilles17_imp_gdv-felibien1668	tech213	éclats de l’eau
decor	merveilles17_imp_gdv-felibien1668	tech214	des pierres & des crystaux
lumieres	merveilles17_imp_gdv-felibien1668	tech215	lumieres
construction	merveilles17_imp_gdv-felibien1668	tech216	Rocher
eaux	merveilles17_imp_gdv-felibien1668	tech217	les gouttes d’eau
construction	merveilles17_imp_gdv-felibien1668	tech218	
construction	merveilles17_imp_gdv-felibien1668	tech219	niches
construction	merveilles17_imp_gdv-felibien1668	tech220	pied
decor	merveilles17_imp_gdv-felibien1668	tech221	vaze
decor	merveilles17_imp_gdv-felibien1668	tech222	girandolle
lumieres	merveilles17_imp_gdv-felibien1668	tech223	bougies
decor	merveilles17_imp_gdv-felibien1668	tech224	Coquilles
eaux	merveilles17_imp_gdv-felibien1668	tech225	l’eau
decor	merveilles17_imp_gdv-felibien1668	tech226	Coquille
decor	merveilles17_imp_gdv-felibien1668	tech227	girandolle
lumieres	merveilles17_imp_gdv-felibien1668	tech228	bougies
decor	merveilles17_imp_gdv-felibien1668	tech229	Coquille
eaux	merveilles17_imp_gdv-felibien1668	tech230	l’eau
decor	merveilles17_imp_gdv-felibien1668	tech231	Coquille
eaux	merveilles17_imp_gdv-felibien1668	tech232	l’eau
decor	merveilles17_imp_gdv-felibien1668	tech233	masque
decor	merveilles17_imp_gdv-felibien1668	tech234	Coquille
decor	merveilles17_imp_gdv-felibien1668	tech235	Dauphins
decor	merveilles17_imp_gdv-felibien1668	tech236	Dauphins
eaux	merveilles17_imp_gdv-felibien1668	tech237	l’eau
decor	merveilles17_imp_gdv-felibien1668	tech238	Coquile
eaux	merveilles17_imp_gdv-felibien1668	tech239	l’eau
decor	merveilles17_imp_gdv-felibien1668	tech240	Coquille
eaux	merveilles17_imp_gdv-felibien1668	tech241	eaux
construction	merveilles17_imp_gdv-felibien1668	tech242	Bassin
decor	merveilles17_imp_gdv-felibien1668	tech243	vazes remplis d’orangers
construction	merveilles17_imp_gdv-felibien1668	tech244	Platfond
construction	merveilles17_imp_gdv-felibien1668	tech245	Dôme
decor	merveilles17_imp_gdv-felibien1668	tech246	feüillages
decor	merveilles17_imp_gdv-felibien1668	tech247	branches d’arbres
decor	merveilles17_imp_gdv-felibien1668	tech248	feüillée
construction	merveilles17_imp_gdv-felibien1668	tech249	édifice
construction	merveilles17_imp_gdv-felibien1668	tech250	dôme
decor	merveilles17_imp_gdv-felibien1668	tech251	broderie
decor	merveilles17_imp_gdv-felibien1668	tech252	lustres
lumieres	merveilles17_imp_gdv-felibien1668	tech253	bougies
construction	merveilles17_imp_gdv-felibien1668	tech254	voûte
construction	merveilles17_imp_gdv-felibien1668	tech255	écharpes de gaze
decor	merveilles17_imp_gdv-felibien1668	tech256	festons de fleurs
construction	merveilles17_imp_gdv-felibien1668	tech257	écharpes
decor	merveilles17_imp_gdv-felibien1668	tech258	frange
construction	merveilles17_imp_gdv-felibien1668	tech259	corniche
construction	merveilles17_imp_gdv-felibien1668	tech260	Salon
decor	merveilles17_imp_gdv-felibien1668	tech261	vases
decor	merveilles17_imp_gdv-felibien1668	tech262	fleurs
decor	merveilles17_imp_gdv-felibien1668	tech263	boules de crystal
decor	merveilles17_imp_gdv-felibien1668	tech264	pieds
lumieres	merveilles17_imp_gdv-felibien1668	tech265	la lumiere
decor	merveilles17_imp_gdv-felibien1668	tech266	crystaux
construction	merveilles17_imp_gdv-felibien1668	tech267	Plafond
construction	merveilles17_imp_gdv-felibien1668	tech268	dôme
decor	merveilles17_imp_gdv-felibien1668	tech269	festons
decor	merveilles17_imp_gdv-felibien1668	tech270	fleurs
construction	merveilles17_imp_gdv-felibien1668	tech271	écharpes de gaze
decor	merveilles17_imp_gdv-felibien1668	tech272	feston
construction	merveilles17_imp_gdv-felibien1668	tech273	Architecture
decor	merveilles17_imp_gdv-felibien1668	tech274	feüillages
decor	merveilles17_imp_gdv-felibien1668	tech275	verdure
decor	merveilles17_imp_gdv-felibien1668	tech276	arbres
construction	merveilles17_imp_gdv-felibien1668	tech277	édifice
decor	merveilles17_imp_gdv-felibien1668	tech278	Bufet
construction	merveilles17_imp_gdv-felibien1668	tech279	degrez
decor	merveilles17_imp_gdv-felibien1668	tech280	Bufet
construction	merveilles17_imp_gdv-felibien1668	tech281	Socle de verdure
decor	merveilles17_imp_gdv-felibien1668	tech282	girandolle
lumieres	merveilles17_imp_gdv-felibien1668	tech283	bougies
decor	merveilles17_imp_gdv-felibien1668	tech284	vazes
construction	merveilles17_imp_gdv-felibien1668	tech285	Socle
decor	merveilles17_imp_gdv-felibien1668	tech286	plaque
lumieres	merveilles17_imp_gdv-felibien1668	tech287	flambeau
decor	merveilles17_imp_gdv-felibien1668	tech288	table du Bufet
construction	merveilles17_imp_gdv-felibien1668	tech289	degrez
construction	merveilles17_imp_gdv-felibien1668	tech290	Platfond de feüillée
decor	merveilles17_imp_gdv-felibien1668	tech291	Bufet
construction	merveilles17_imp_gdv-felibien1668	tech292	degrez
construction	merveilles17_imp_gdv-felibien1668	tech293	bassins
decor	merveilles17_imp_gdv-felibien1668	tech294	vazes, de casolettes & de girandolles
decor	merveilles17_imp_gdv-felibien1668	tech295	pots d’argent remplis de toutes sortes de fleurs, avec la nef du Roy, la vaisselle & les verres destinez pour son service
decor	merveilles17_imp_gdv-felibien1668	tech296	cuvette
decor	merveilles17_imp_gdv-felibien1668	tech297	Bufet
decor	merveilles17_imp_gdv-felibien1668	tech298	gueridons
decor	merveilles17_imp_gdv-felibien1668	tech299	girandolles
lumieres	merveilles17_imp_gdv-felibien1668	tech300	bougies
construction	merveilles17_imp_gdv-felibien1668	tech301	arcades
construction	merveilles17_imp_gdv-felibien1668	tech302	Bufets
decor	merveilles17_imp_gdv-felibien1668	tech303	table
construction	merveilles17_imp_gdv-felibien1668	tech304	degrez
construction	merveilles17_imp_gdv-felibien1668	tech305	bassins
decor	merveilles17_imp_gdv-felibien1668	tech306	vaze
decor	merveilles17_imp_gdv-felibien1668	tech307	girandolle
lumieres	merveilles17_imp_gdv-felibien1668	tech308	bougies
construction	merveilles17_imp_gdv-felibien1668	tech309	bassins
decor	merveilles17_imp_gdv-felibien1668	tech310	vaze
decor	merveilles17_imp_gdv-felibien1668	tech311	figures
decor	merveilles17_imp_gdv-felibien1668	tech312	Bufet
decor	merveilles17_imp_gdv-felibien1668	tech313	placques
lumieres	merveilles17_imp_gdv-felibien1668	tech314	flambeaux
decor	merveilles17_imp_gdv-felibien1668	tech315	gueridon
lumieres	merveilles17_imp_gdv-felibien1668	tech316	bougies
decor	merveilles17_imp_gdv-felibien1668	tech317	vazes
construction	merveilles17_imp_gdv-felibien1668	tech318	bassins
decor	merveilles17_imp_gdv-felibien1668	tech319	table
decor	merveilles17_imp_gdv-felibien1668	tech320	cuvette
decor	merveilles17_imp_gdv-felibien1668	tech321	tables
construction	merveilles17_imp_gdv-felibien1668	tech322	l’arcade
construction	merveilles17_imp_gdv-felibien1668	tech323	portique de verdure
construction	merveilles17_imp_gdv-felibien1668	tech324	Sale
construction	merveilles17_imp_gdv-felibien1668	tech325	palissades
construction	merveilles17_imp_gdv-felibien1668	tech326	portique de feüillages
construction	merveilles17_imp_gdv-felibien1668	tech327	Sale
construction	merveilles17_imp_gdv-felibien1668	tech328	tentes
construction	merveilles17_imp_gdv-felibien1668	tech329	bassins
lumieres	merveilles17_imp_gdv-felibien1668	tech330	lumieres
construction	merveilles17_imp_gdv-felibien1668	tech331	le Salon
decor	merveilles17_imp_gdv-felibien1668	tech332	Coquilles & la mousse, de quantité de pastes, de confitures, de conserves, d’herbages
decor	merveilles17_imp_gdv-felibien1668	tech333	& de fruits sucrez
decor	merveilles17_imp_gdv-felibien1668	tech334	pyramides de fleurs
decor	merveilles17_imp_gdv-felibien1668	tech335	porcelaines en pyramides
construction	merveilles17_imp_gdv-felibien1668	tech336	Edifice
construction	merveilles17_imp_gdv-felibien1668	tech337	palissade de verdure
construction	merveilles17_imp_gdv-felibien1668	tech338	portique
construction	merveilles17_imp_gdv-felibien1668	tech339	Salon
lumieres	merveilles17_imp_gdv-felibien1668	tech340	lumiere
construction	merveilles17_imp_gdv-felibien1668	tech341	Bastiment
construction	merveilles17_imp_gdv-felibien1668	tech342	Salle
decor	merveilles17_imp_gdv-felibien1668	tech343	verdure
decor	merveilles17_imp_gdv-felibien1668	tech344	festons
construction	merveilles17_imp_gdv-felibien1668	tech345	portique
construction	merveilles17_imp_gdv-felibien1668	tech346	Salon
construction	merveilles17_imp_gdv-felibien1668	tech347	portique
decor	merveilles17_imp_gdv-felibien1668	tech348	festons de fleurs
construction	merveilles17_imp_gdv-felibien1668	tech349	thermes
decor	merveilles17_imp_gdv-felibien1668	tech350	Satyres
construction	merveilles17_imp_gdv-felibien1668	tech351	Salon
construction	merveilles17_imp_gdv-felibien1668	tech352	arcades
decor	merveilles17_imp_gdv-felibien1668	tech353	feüillages
construction	merveilles17_imp_gdv-felibien1668	tech354	pilastres
construction	merveilles17_imp_gdv-felibien1668	tech355	arcades
decor	merveilles17_imp_gdv-felibien1668	tech356	feüilles & des fleurs
construction	merveilles17_imp_gdv-felibien1668	tech357	les impostes & les clefs des arcades
decor	merveilles17_imp_gdv-felibien1668	tech358	festons
decor	merveilles17_imp_gdv-felibien1668	tech359	ceintures de fleurs
construction	merveilles17_imp_gdv-felibien1668	tech360	l’arcade
construction	merveilles17_imp_gdv-felibien1668	tech361	une grotte
construction	merveilles17_imp_gdv-felibien1668	tech362	bassin
decor	merveilles17_imp_gdv-felibien1668	tech363	Arion
decor	merveilles17_imp_gdv-felibien1668	tech364	un Dauphin
decor	merveilles17_imp_gdv-felibien1668	tech365	Tritons
construction	merveilles17_imp_gdv-felibien1668	tech366	une grotte
decor	merveilles17_imp_gdv-felibien1668	tech367	une Orphée
construction	merveilles17_imp_gdv-felibien1668	tech368	un rocher
decor	merveilles17_imp_gdv-felibien1668	tech369	Nymphes
construction	merveilles17_imp_gdv-felibien1668	tech370	arcades
construction	merveilles17_imp_gdv-felibien1668	tech371	grotes
decor	merveilles17_imp_gdv-felibien1668	tech372	monstres
eaux	merveilles17_imp_gdv-felibien1668	tech373	l’eau qui tomboit dans des bassins ristiques d’où elles s’échappoit entre des pierres, & degouttoit lentement parmy la mousse & les rocailles.
construction	merveilles17_imp_gdv-felibien1668	tech374	pilastres
construction	merveilles17_imp_gdv-felibien1668	tech375	arcades
construction	merveilles17_imp_gdv-felibien1668	tech376	pieds d’estaux
decor	merveilles17_imp_gdv-felibien1668	tech377	figures de Femmes
construction	merveilles17_imp_gdv-felibien1668	tech378	pieds-d’estaux
decor	merveilles17_imp_gdv-felibien1668	tech379	masques
eaux	merveilles17_imp_gdv-felibien1668	tech380	l’eau
construction	merveilles17_imp_gdv-felibien1668	tech381	bassin
construction	merveilles17_imp_gdv-felibien1668	tech382	pied-d’estail
construction	merveilles17_imp_gdv-felibien1668	tech383	bassin
eaux	merveilles17_imp_gdv-felibien1668	tech384	jets d’eau
construction	merveilles17_imp_gdv-felibien1668	tech385	Salon
decor	merveilles17_imp_gdv-felibien1668	tech386	siege
decor	merveilles17_imp_gdv-felibien1668	tech387	vases remplis d’Orangers
construction	merveilles17_imp_gdv-felibien1668	tech388	l’arcade
construction	merveilles17_imp_gdv-felibien1668	tech389	pieds d’estaux
decor	merveilles17_imp_gdv-felibien1668	tech390	figures
decor	merveilles17_imp_gdv-felibien1668	tech391	Flore & Pomone
construction	merveilles17_imp_gdv-felibien1668	tech392	pieds d’estaux
eaux	merveilles17_imp_gdv-felibien1668	tech393	l’eau
construction	merveilles17_imp_gdv-felibien1668	tech394	Salon
construction	merveilles17_imp_gdv-felibien1668	tech395	Salon
construction	merveilles17_imp_gdv-felibien1668	tech396	corniche
construction	merveilles17_imp_gdv-felibien1668	tech397	pans
construction	merveilles17_imp_gdv-felibien1668	tech398	plat-fond
construction	merveilles17_imp_gdv-felibien1668	tech399	pans
decor	merveilles17_imp_gdv-felibien1668	tech400	Soleils
decor	merveilles17_imp_gdv-felibien1668	tech401	figures, qui representoient les douze mois de l’Année avec les figures du Zodiaque : Le fond estoit d’azur semé de Fleurs-de-lis d’or & le reste enrichy de roses & autres ornemens
decor	merveilles17_imp_gdv-felibien1668	tech402	lustres
lumieres	merveilles17_imp_gdv-felibien1668	tech403	bougies
lumieres	merveilles17_imp_gdv-felibien1668	tech404	lumieres
construction	merveilles17_imp_gdv-felibien1668	tech405	tribunes
decor	merveilles17_imp_gdv-felibien1668	tech406	plaques
lumieres	merveilles17_imp_gdv-felibien1668	tech407	bougies
construction	merveilles17_imp_gdv-felibien1668	tech408	pilastres
decor	merveilles17_imp_gdv-felibien1668	tech409	figures
decor	merveilles17_imp_gdv-felibien1668	tech410	la feüillée
decor	merveilles17_imp_gdv-felibien1668	tech411	fleurons
decor	merveilles17_imp_gdv-felibien1668	tech412	chandeliers
decor	merveilles17_imp_gdv-felibien1668	tech413	plaques
decor	merveilles17_imp_gdv-felibien1668	tech414	des chiffres du Roy
decor	merveilles17_imp_gdv-felibien1668	tech415	plaques
decor	merveilles17_imp_gdv-felibien1668	tech416	chandeliers
decor	merveilles17_imp_gdv-felibien1668	tech417	bougies
construction	merveilles17_imp_gdv-felibien1668	tech418	Salon
construction	merveilles17_imp_gdv-felibien1668	tech419	cabinets
construction	merveilles17_imp_gdv-felibien1668	tech420	pieds d’estaux
construction	merveilles17_imp_gdv-felibien1668	tech421	thermes
decor	merveilles17_imp_gdv-felibien1668	tech422	Satyres
construction	merveilles17_imp_gdv-felibien1668	tech423	thermes
construction	merveilles17_imp_gdv-felibien1668	tech424	Grotte
decor	merveilles17_imp_gdv-felibien1668	tech425	figures
construction	merveilles17_imp_gdv-felibien1668	tech426	Grotte
decor	merveilles17_imp_gdv-felibien1668	tech427	masque
decor	merveilles17_imp_gdv-felibien1668	tech428	monstre marin
decor	merveilles17_imp_gdv-felibien1668	tech429	Tritons
decor	merveilles17_imp_gdv-felibien1668	tech430	masque
eaux	merveilles17_imp_gdv-felibien1668	tech431	boüillon d’eau
construction	merveilles17_imp_gdv-felibien1668	tech432	bassin
decor	merveilles17_imp_gdv-felibien1668	tech433	Tritons
construction	merveilles17_imp_gdv-felibien1668	tech434	bassin
eaux	merveilles17_imp_gdv-felibien1668	tech435	jets d’eau
decor	merveilles17_imp_gdv-felibien1668	tech436	animaux
decor	merveilles17_imp_gdv-felibien1668	tech437	animaux
eaux	merveilles17_imp_gdv-felibien1668	tech438	d’eau
construction	merveilles17_imp_gdv-felibien1668	tech439	bassin
construction	merveilles17_imp_gdv-felibien1668	tech440	rocher
eaux	merveilles17_imp_gdv-felibien1668	tech441	d’eau qui comme un agreable torrent, se precipitoit de la sorte par differentes chûtes
construction	merveilles17_imp_gdv-felibien1668	tech442	le rocher
decor	merveilles17_imp_gdv-felibien1668	tech443	coquillages
eaux	merveilles17_imp_gdv-felibien1668	tech444	l’eau qui tomboit en bas, où elle formoit de gros boüillons
eaux	merveilles17_imp_gdv-felibien1668	tech445	eau
construction	merveilles17_imp_gdv-felibien1668	tech446	la grote
construction	merveilles17_imp_gdv-felibien1668	tech447	canaux
construction	merveilles17_imp_gdv-felibien1668	tech448	bassin
construction	merveilles17_imp_gdv-felibien1668	tech449	Salon
eaux	merveilles17_imp_gdv-felibien1668	tech450	eau
construction	merveilles17_imp_gdv-felibien1668	tech451	cabinets
construction	merveilles17_imp_gdv-felibien1668	tech452	canal
eaux	merveilles17_imp_gdv-felibien1668	tech453	Jets-d’eau
eaux	merveilles17_imp_gdv-felibien1668	tech454	l’eau
construction	merveilles17_imp_gdv-felibien1668	tech455	canaux
eaux	merveilles17_imp_gdv-felibien1668	tech456	cascades
construction	merveilles17_imp_gdv-felibien1668	tech457	canal
construction	merveilles17_imp_gdv-felibien1668	tech458	canaux
construction	merveilles17_imp_gdv-felibien1668	tech459	cabinets
construction	merveilles17_imp_gdv-felibien1668	tech460	thermes
decor	merveilles17_imp_gdv-felibien1668	tech461	vases
decor	merveilles17_imp_gdv-felibien1668	tech462	fleurs & de fruits
construction	merveilles17_imp_gdv-felibien1668	tech463	bassin
decor	merveilles17_imp_gdv-felibien1668	tech464	dauphins
decor	merveilles17_imp_gdv-felibien1668	tech465	coquilles
decor	merveilles17_imp_gdv-felibien1668	tech466	rocher
decor	merveilles17_imp_gdv-felibien1668	tech467	dauphins
eaux	merveilles17_imp_gdv-felibien1668	tech468	jet d’eau
eaux	merveilles17_imp_gdv-felibien1668	tech469	eau
construction	merveilles17_imp_gdv-felibien1668	tech470	bassin
construction	merveilles17_imp_gdv-felibien1668	tech471	bassin
decor	merveilles17_imp_gdv-felibien1668	tech472	plaques
lumieres	merveilles17_imp_gdv-felibien1668	tech473	bougies
lumieres	merveilles17_imp_gdv-felibien1668	tech474	lumieres
construction	merveilles17_imp_gdv-felibien1668	tech475	pilastres
construction	merveilles17_imp_gdv-felibien1668	tech476	thermes
construction	merveilles17_imp_gdv-felibien1668	tech477	cabinets
eaux	merveilles17_imp_gdv-felibien1668	tech478	Jets-d’eau
construction	merveilles17_imp_gdv-felibien1668	tech479	la Grotte
eaux	merveilles17_imp_gdv-felibien1668	tech480	une distribution d’eaux
eaux	merveilles17_imp_gdv-felibien1668	tech481	Jets-d’eau
construction	merveilles17_imp_gdv-felibien1668	tech482	canaux
decor	merveilles17_imp_gdv-felibien1668	tech483	objets
eaux	merveilles17_imp_gdv-felibien1668	tech484	eaux
feux-artifice	merveilles17_imp_gdv-felibien1668	tech485	feu
feux-artifice	merveilles17_imp_gdv-felibien1668	tech486	feu
decor	merveilles17_imp_gdv-felibien1668	tech487	vases
construction	merveilles17_imp_gdv-felibien1668	tech488	degrez
decor	merveilles17_imp_gdv-felibien1668	tech489	figures representant quatre Fleuves
construction	merveilles17_imp_gdv-felibien1668	tech490	pieds d’estaux
decor	merveilles17_imp_gdv-felibien1668	tech491	figures qui representoient les quatre parties du mon-de.
decor	merveilles17_imp_gdv-felibien1668	tech492	vases
decor	merveilles17_imp_gdv-felibien1668	tech493	candelabres
decor	merveilles17_imp_gdv-felibien1668	tech494	chandeliers
decor	merveilles17_imp_gdv-felibien1668	tech495	vases
decor	merveilles17_imp_gdv-felibien1668	tech496	candelabres
decor	merveilles17_imp_gdv-felibien1668	tech497	figures
construction	merveilles17_imp_gdv-felibien1668	tech498	Salon
decor	merveilles17_imp_gdv-felibien1668	tech499	figures
decor	merveilles17_imp_gdv-felibien1668	tech500	Janus
decor	merveilles17_imp_gdv-felibien1668	tech501	trophées de guerre
decor	merveilles17_imp_gdv-felibien1668	tech502	figures qui representoient diverses Vertus, & au dessus, un Soleil avec des lyres, & d’autres instrumens, ayant rapport à Apollon
decor	merveilles17_imp_gdv-felibien1668	tech503	figures
construction	merveilles17_imp_gdv-felibien1668	tech504	balustrades
decor	merveilles17_imp_gdv-felibien1668	tech505	vases remplis d’orangers & de fleurs
decor	merveilles17_imp_gdv-felibien1668	tech506	vases
construction	merveilles17_imp_gdv-felibien1668	tech507	thermes
decor	merveilles17_imp_gdv-felibien1668	tech508	figures
construction	merveilles17_imp_gdv-felibien1668	tech509	thermes
feux-artifice	merveilles17_imp_gdv-felibien1668	tech510	fusées
feux-artifice	merveilles17_imp_gdv-felibien1668	tech511	fusées
feux-artifice	merveilles17_imp_gdv-felibien1668	tech512	feux
feux-artifice	merveilles17_imp_gdv-felibien1668	tech513	fusées
feux-artifice	merveilles17_imp_gdv-felibien1668	tech514	feux
feux-artifice	merveilles17_imp_gdv-felibien1668	tech515	feux
feux-artifice	merveilles17_imp_gdv-felibien1668	tech516	fusées
eaux	merveilles17_imp_gdv-felibien1668	tech517	l’eau qui boüillonnoit
feux-artifice	merveilles17_imp_gdv-felibien1668	tech518	Feux d’artifices
feux-artifice	merveilles17_imp_gdv-felibien1668	tech519	flâmes
construction	merveilles17_imp_gdv-felibien1668	tech520	Canaux
feux-artifice	merveilles17_imp_gdv-felibien1668	tech521	feux
eaux	merveilles17_imp_gdv-felibien1668	tech522	jets-d’eau
eaux	merveilles17_imp_gdv-felibien1668	tech523	l’eau
feux-artifice	merveilles17_imp_gdv-felibien1668	tech524	le feu
feux-artifice	merveilles17_imp_gdv-felibien1668	tech525	artifice
feux-artifice	merveilles17_imp_gdv-felibien1668	tech526	éclairs
construction	merveilles17_imp_gdv-felibien1668	tech527	la grotte
feux-artifice	merveilles17_imp_gdv-felibien1668	tech528	fusées
feux-artifice	merveilles17_imp_gdv-felibien1668	tech529	fusée
feux-artifice	merveilles17_imp_gdv-felibien1668	tech530	feux
feux-artifice	merveilles17_imp_gdv-felibien1668	tech531	fusées
costume	merveilles17_imp_loret16640216	tech	Les habits êtoient admirables
costume	merveilles17_imp_loret16640510	tech1	habits fort galans
costume	merveilles17_imp_loret16640510	tech2	D’argent, de soye et d’or, brillans
lumieres	merveilles17_imp_loret16640510	tech3	deux mille bougies
lumieres	merveilles17_imp_loret16640510	tech4	Feux
feux-artifice	merveilles17_imp_loret16640510	tech5	Mille feux
machine	merveilles17_imp_loret16640510	tech6	Machines surprenantes
costume	merveilles17_imp_loret16640802	tech1	Vêtu d’un fort beau cramoisy
costume	merveilles17_imp_loret16640802	tech2	brillante Livrée
lumieres	merveilles17_imp_loret16640802	tech3	flambeaux
decor	merveilles17_imp_loret16640809	tech	Mille beaux rubans
feux-artifice	merveilles17_imp_ormessonmai1664	tech	feux d’artifices
musique	merveilles17_imp_pie-ballard1	tech1	de la Musique
decor	merveilles17_imp_pie-ballard1	tech2	Isle flotante
machine_temps	merveilles17_imp_pie-ballard1	tech3	vn Char
construction	merveilles17_imp_pie-ballard1	tech4	Portiques
machine_temps	merveilles17_imp_pie-ballard1	tech5	Char
machine_temps	merveilles17_imp_pie-ballard1	tech6	Char
lumieres	merveilles17_imp_pie-ballard1	tech7	vn nombre infiny de lumieres
machine_vol	merveilles17_imp_pie-ballard1	tech8	vne Machine
animal	merveilles17_imp_pie-ballard1	tech9	vn cheual d’Espagne
animal	merveilles17_imp_pie-ballard1	tech10	vn Elephant
animal	merveilles17_imp_pie-ballard1	tech11	vn Chameau
animal	merveilles17_imp_pie-ballard1	tech12	vn Ours
machine_vol	merveilles17_imp_pie-ballard1	tech13	vne Machine
costume	merveilles17_imp_pie-ballard1	tech14	armez à la Grecques
machine_eau	merveilles17_imp_pie-ballard1	tech15	Monstre Marin
decor	merveilles17_imp_pie-ballard1	tech16	deux Isles
construction	merveilles17_imp_pie-ballard1	tech17	Palais d’Alcine
construction	merveilles17_imp_pie-ballard1	tech18	Frontispice du Palais
lumieres	merveilles17_imp_pie-ballard1	tech19	deux flambeaux
construction	merveilles17_imp_pie-ballard1	tech20	ce Palais
bruitage	merveilles17_imp_pie-ballard1	tech21	vn coup de Tonnerre
lumieres	merveilles17_imp_pie-ballard1	tech22	plusieurs esclairs
construction	merveilles17_imp_pie-ballard1	tech23	Palais
feux-artifice	merveilles17_imp_pie-ballard1	tech24	Feu d’artifice
	merveilles17_imp_pie-ballard1	tech25	vn Char
	merveilles17_imp_pie-ballard1	tech26	le Char
	merveilles17_imp_pie-ballard1	tech27	vne Machine
machine_eau	merveilles17_imp_pie-ballard1	tech28	vne Machine
construction	merveilles17_imp_pie-ballard1	tech29	Palais d’Alcine
construction	merveilles17_imp_pie-ballard1	tech30	Eschaffaut
construction	merveilles17_imp_pie-ballard1	tech31	trois autres echaffauts
construction	merveilles17_imp_pie-ballard2	tech1	hautes toilles
construction	merveilles17_imp_pie-ballard2	tech2	bastimens de bois
lumieres	merveilles17_imp_pie-ballard2	tech3	nombre prodigieux de flambeaux de cire blanche
construction	merveilles17_imp_pie-ballard2	tech4	orner vn Rond
construction	merveilles17_imp_pie-ballard2	tech5	hautes palissades; de quatre Portiques de trente-cinq pieds d’éleuation, & de vingt-deux en quarré d’ouuerture; de plusieurs festons enrichis d’or, & de diuerses peintures auec les armes de sa Majesté.
costume	merveilles17_imp_pie-ballard2	tech6	fort richement habillé de couleur de feu
costume	merveilles17_imp_pie-ballard2	tech7	habillé de sa liurée de toille d’argent enrichie d’or, auec les plumes incarnates & noires & les rubans de mesme
costume	merveilles17_imp_pie-ballard2	tech8	vestu de couleur de feu, argent & noir; & le reste de la liurée semblable
costume	merveilles17_imp_pie-ballard2	tech9	habillez de satin couleur de feu, & argent; leurs plumes de la mesme liurée, & les carapaçons de leurs cheuaux couuerts d’vne pareille broderie, auec des Soleils d’or fort esclatants aux banderolles des Trompettes, & les couuertures des Tymballes
costume	merveilles17_imp_pie-ballard2	tech10	armé à la Grecque, d’vne cuirasse de toille d’argent couuerte de petites escailles d’or; aussi bien que son bas de saye, & son Casque estoit orné d’vn Dragon, & d’vn grand nombre de plumes blanches, meslées d’incarnat & de noir
animal	merveilles17_imp_pie-ballard2	tech11	vn cheval blanc, bardé de mesme
animal	merveilles17_imp_pie-ballard2	tech12	vn des plus beaux cheuaux du monde, dont le harnois couleur de feu esclattoit d’or, d’argent & de pierreries
costume	merveilles17_imp_pie-ballard2	tech13	estoit armée à la façon des Grecs comme tous ceux de sa Quadrille, & portoit vne cuirasse de lame d’argent, couuerte d’vne riche broderie d’or & de diamans. Son port & toute son action estoient dignes de son rang ; son Casque tout couuert de plumes couleur de feu
costume	merveilles17_imp_pie-ballard2	tech14	portant la couleur de feu & le noir sous vne riche broderie d’argent, & ces plumes aussi bien que tout le reste de son esquipage estoient de cette mesme liurée
costume	merveilles17_imp_pie-ballard2	tech15	vn habit de cette couleur en broderie d’or & de geaix
animal	merveilles17_imp_pie-ballard2	tech16	son cheual
costume	merveilles17_imp_pie-ballard2	tech17	portoit sur vn habit de toille d’argent plusieurs rubis, & montoit vn cheual blanc bardé de la mesme couleur
costume	merveilles17_imp_pie-ballard2	tech18	vestus l’vn d’incarnat auec or & argent; & l’autre de vert, blanc & argent: Toute leur liurée
animal	merveilles17_imp_pie-ballard2	tech19	leurs cheuaux
costume	merveilles17_imp_pie-ballard2	tech20	le premier vestu d’incarnat & blanc; et l’autre de jaune, blanc & noir, enrichis de broderie d’argent, leur liurée de mesme, & fort bien montez
costume	merveilles17_imp_pie-ballard2	tech21	l’vn portoit le bleu & argent ; & l’autre le bleu, blanc, & noir auec or & argent : leurs plumes, & les harnois de leurs cheuaux estoient de la mesme couleur, & d’vne pareille richesse
costume	merveilles17_imp_pie-ballard2	tech22	la couleur de chair & argent; & l’autre le gris de lin, blanc & argent: toute leur liurée estant la plus riche, & la mieux assortie du monde
costume	merveilles17_imp_pie-ballard2	tech23	sa liurée la couleur de feu, blanc & argent : vn grand nombre de Diamants estoient attachez sur la magnifique broderie, dont sa cuirasse, & son bas de saye estoient couuerts; son casque, & le harnois de son cheual en estoient aussi enrichis.
machine_temps	merveilles17_imp_pie-ballard2	tech24	VN char de dix-huit pieds de haut, de vingt-quatre de long, & de quinze de large; paroissoit en suite esclatant d’or & de diuerses couleurs
costume	merveilles17_imp_pie-ballard2	tech25	riches habits
machine_temps	merveilles17_imp_pie-ballard2	tech26	ce Char magnifique
machine_vol	merveilles17_imp_pie-ballard2	tech27	Machine
costume	merveilles17_imp_pie-ballard2	tech28	des vestes couleur de feu enrichie d’argent, & des coiffures de mesmes.
lumieres	merveilles17_imp_pie-ballard2	tech29	vn nombre infiny de lumieres
animal	merveilles17_imp_pie-ballard2	tech30	vn Cheual d’Espagne
costume	merveilles17_imp_pie-ballard2	tech31	Son habit estoit vert en broderie d’argent, & de fleurs au naturel
animal	merveilles17_imp_pie-ballard2	tech32	vn Elephant
animal	merveilles17_imp_pie-ballard2	tech33	vn Chameau
animal	merveilles17_imp_pie-ballard2	tech34	vn Ours
costume	merveilles17_imp_pie-ballard2	tech35	vestus d’habits conformes à cette profession, mais fort riches
machine_vol	merveilles17_imp_pie-ballard2	tech36	Machine fort ingenieuse en forme d’vne petite Montagne ou Roche ombragée de plusieurs arbres ; mais ce qui estoit plus surprenant, c’est qu’on la voyoit portée en l’air, sans que l’artifice qui la faisoit mouuoir se peust descouurir à la veuë.
costume	merveilles17_imp_pie-ballard2	tech37	fort richement vestus
costume	merveilles17_imp_pie-ballard2	tech38	tres bien vestus
construction	merveilles17_imp_pie-ballard2	tech39	vn petit Theatre
construction	merveilles17_imp_pie-ballard2	tech40	ces hautes palissades
lumieres	merveilles17_imp_pie-ballard2	tech41	vn nombre infiny de Chandeliers peints de vert & d’argent, portant chacun vingt-quatre bougies, & deux cent flambeaux de cire blanche
costume	merveilles17_imp_pie-ballard2	tech42	leurs Casques couuerts de plumes de differentes couleurs, & leurs habits de la Course
construction	merveilles17_imp_pie-ballard2	tech43	ce rond
construction	merveilles17_imp_pie-ballard2	tech44	vn autre rond enuironné de palissades
construction	merveilles17_imp_pie-ballard2	tech45	le Palais d’Alcine
construction	merveilles17_imp_pie-ballard2	tech46	couurir de toilles, en si peu de temps qu’on auoit lieu de s’en estonner, tout ce rond d’vne espece de Dome, pour deffendre contre le vent
lumieres	merveilles17_imp_pie-ballard2	tech47	le grand nombre de Flambeaux & de Bougies qui deuoient esclairer
construction	merveilles17_imp_pie-ballard2	tech48	le Theatre
decor	merveilles17_imp_pie-ballard2	tech49	la decoration estoit fort agreable
animal	merveilles17_imp_pie-ballard2	tech50	vn Ours
animal	merveilles17_imp_pie-ballard2	tech51	l’Ours
animal	merveilles17_imp_pie-ballard2	tech52	l’Ours
animal	merveilles17_imp_pie-ballard2	tech53	vn autre Ours
animal	merveilles17_imp_pie-ballard2	tech54	vn des Ours
trappe	merveilles17_imp_pie-ballard2	tech55	de dessous le Theatre
machine_musique	merveilles17_imp_pie-ballard2	tech56	la machine d’vn grand arbre chargé de seize Faunes, dont les huit joüerent de la Fluste, & les autres du Violon auec vn concert le plus agreable du monde
construction	merveilles17_imp_pie-ballard2	tech57	le Palais d’Alcine
construction	merveilles17_imp_pie-ballard2	tech58	vn Rocher
decor	merveilles17_imp_pie-ballard2	tech59	d’vne Isle couuerte de diuers animaux
decor	merveilles17_imp_pie-ballard2	tech60	Deux autres Isles plus longues, mais d’vne moindre largeur, paroissoient aux deux costez de la premiere
lumieres	merveilles17_imp_pie-ballard2	tech61	si fort esclairées, que ces lumieres faisoient naistre vn nouueau jour dans l’obscurité de la nuit
musique	merveilles17_imp_pie-ballard2	tech62	l’vne des deux Isles qui paroissoient aux costez de la premiere, fut toute couuerte de Violons fort bien vestus
decor	merveilles17_imp_pie-ballard2	tech63	L’autre qui luy estoit opposée
construction	merveilles17_imp_pie-ballard2	tech64	le Rocher
machine_eau	merveilles17_imp_pie-ballard2	tech65	vn Monstre-Marin d’vne grandeur prodigieuse
machine_eau	merveilles17_imp_pie-ballard2	tech66	de grandes Baleines
construction	merveilles17_imp_pie-ballard2	tech67	Rondeau
bruitage	merveilles17_imp_pie-ballard2	tech68	vn coup de Tonnerre
lumieres	merveilles17_imp_pie-ballard2	tech69	plusieurs esclairs
construction	merveilles17_imp_pie-ballard2	tech70	Palais
feux-artifice	merveilles17_imp_pie-ballard2	tech71	Feu d’artifice
construction	merveilles17_imp_pie-ballard2	tech72	Palais d’Alcine
machine_vol	merveilles17_imp_pie-ballard2	tech73	fusées volantes
feux-artifice	merveilles17_imp_pie-ballard2	tech74	Feu d’Artifice
bruitage	merveilles17_imp_pie-ballard2	tech75	vn bruit & vne longueur extraordinaires
construction	merveilles17_imp_pie-ballard2	tech76	vn des theatres doubles de son Sallon
construction	merveilles17_imp_pie-guignard1668	tech1	de hautes toilles, des bastimens de bois
lumieres	merveilles17_imp_pie-guignard1668	tech2	vn nombre prodigieux de flambeaux de cire blanche
lumieres	merveilles17_imp_pie-guignard1668	tech3	quatre mille bougies
	merveilles17_imp_pie-guignard1668	tech4	Ballets
construction	merveilles17_imp_pie-guignard1668	tech5	vn Rond
construction	merveilles17_imp_pie-guignard1668	tech6	hautes palissades
construction	merveilles17_imp_pie-guignard1668	tech7	quatre Portiques
costume	merveilles17_imp_pie-guignard1668	tech8	vestu d’vn habit à l’antique
costume	merveilles17_imp_pie-guignard1668	tech9	fort richement habillé de couleur de feu
costume	merveilles17_imp_pie-guignard1668	tech10	habillé de sa livrée de toile d’argent enrichie d’or, avec des plumes incarnates & noires, et les rubans de mesme
costume	merveilles17_imp_pie-guignard1668	tech11	vestu de couleur de feu, argent & noir, & le reste de la livrée semblable
costume	merveilles17_imp_pie-guignard1668	tech12	habillez de satin couleur de feu, & argent ; leurs plumes de la mesme livrée, & les caparaçons de leurs chevaux couverts d’vne pareille broderie, avec des soleils d’or fort éclattans aux banderoles des Trõpettes, & les couvertures des tymbales
costume	merveilles17_imp_pie-guignard1668	tech13	armé à la Grecque
animal	merveilles17_imp_pie-guignard1668	tech14	vn des plus beaux chevaux du monde
costume	merveilles17_imp_pie-guignard1668	tech15	armée à la façon des Grecs
costume	merveilles17_imp_pie-guignard1668	tech16	portant la couleur de feu & le noir, sous vne riche broderie d’argent ; & ses plumes
costume	merveilles17_imp_pie-guignard1668	tech17	vn habit de cette couleur en broderie d’or, & de geaix ; ses plumes, son cheval, & sa lance assortissoient à sa livrée
animal	merveilles17_imp_pie-guignard1668	tech18	vn cheval blanc bardé de la mesme couleur
costume	merveilles17_imp_pie-guignard1668	tech19	vestus, l’vn d’incarnat avec or & argent ; & l’autre de vert, blanc & argent
animal	merveilles17_imp_pie-guignard1668	tech20	leurs cheuaux
costume	merveilles17_imp_pie-guignard1668	tech21	vestu d’incarnat & blanc ; et l’autre de iaune, blanc & noir, enrichis de broderie d’argent, leur livrée de mesme
costume	merveilles17_imp_pie-guignard1668	tech22	l’vn portoit le bleu & argent, & l’autre le bleu, blanc & noir, avec or & argent ; leurs plumes
costume	merveilles17_imp_pie-guignard1668	tech23	la couleur de chair & argent, & l’autre gris de lin, blanc, & argent : toute leur livrée estant plus riche, & la mieux assortie du monde
costume	merveilles17_imp_pie-guignard1668	tech24	sa livrée la couleur de feu, blanc, & argent : vn grand nombre de diamans estoient attachez sur la magnifique
costume	merveilles17_imp_pie-guignard1668	tech25	Broderie, dont sa cuirasse & son bas de soye estoient couverts ; son casque & le harnois de son cheval en estant aussi enrichis
machine_temps	merveilles17_imp_pie-guignard1668	tech26	VN Char
machine_temps	merveilles17_imp_pie-guignard1668	tech27	Char
costume	merveilles17_imp_pie-guignard1668	tech28	riches habits
machine_temps	merveilles17_imp_pie-guignard1668	tech29	ce Char
animal	merveilles17_imp_pie-guignard1668	tech30	Quatre chevaux d’vne taille & d’vne beauté peu communes
machine_temps	merveilles17_imp_pie-guignard1668	tech31	Machine
machine_temps	merveilles17_imp_pie-guignard1668	tech32	ce Char
costume	merveilles17_imp_pie-guignard1668	tech33	fort proprement vestus de leurs livrées, avec quantité de plumes
costume	merveilles17_imp_pie-guignard1668	tech34	des vestes couleur de feu enrichies d’argent, & des coiffures de mesme
machine_temps	merveilles17_imp_pie-guignard1668	tech35	Char
lumieres	merveilles17_imp_pie-guignard1668	tech36	vn nombre infiny de lumieres
animal	merveilles17_imp_pie-guignard1668	tech37	vn cheval d’Espagne
costume	merveilles17_imp_pie-guignard1668	tech38	son habit estoit verd en broderie d’argent, & de fleurs au naturel
animal	merveilles17_imp_pie-guignard1668	tech39	vn Elephant
animal	merveilles17_imp_pie-guignard1668	tech40	vn Chameau.
animal	merveilles17_imp_pie-guignard1668	tech41	vn Ours
machine_vol	merveilles17_imp_pie-guignard1668	tech42	vne Machine
construction	merveilles17_imp_pie-guignard1668	tech43	vn petit Theatre
construction	merveilles17_imp_pie-guignard1668	tech44	hautes palissades
lumieres	merveilles17_imp_pie-guignard1668	tech45	vn nombre infiny de chãdeliers peints de vert & d’argent, portant chacun vingt-quatre bougies, & deux cens flambeaux de cire blanche, tenus par autant de personnes vestus en Masques
costume	merveilles17_imp_pie-guignard1668	tech46	Casques couverts de de plumes de differentes couleurs, & leurs habits de la Course
construction	merveilles17_imp_pie-guignard1668	tech47	le Palais d’Alcine
decor	merveilles17_imp_pie-guignard1668	tech48	l’Isle flotante
construction	merveilles17_imp_pie-guignard1668	tech49	toilles
construction	merveilles17_imp_pie-guignard1668	tech50	tout ce rond d’vne espece de Dome
lumieres	merveilles17_imp_pie-guignard1668	tech51	le grãd nõbre de Flambeaux & de Bougies
construction	merveilles17_imp_pie-guignard1668	tech52	le Theatre
	merveilles17_imp_pie-guignard1668	tech53	Commedie
	merveilles17_imp_pie-guignard1668	tech54	courses de Chars
	merveilles17_imp_pie-guignard1668	tech55	la Comedie
	merveilles17_imp_pie-guignard1668	tech56	le Theatre la machine
	merveilles17_imp_pie-guignard1668	tech57	vn concert
construction	merveilles17_imp_pie-guignard1668	tech58	le grand Rondeau
construction	merveilles17_imp_pie-guignard1668	tech59	le Palais d’Alcine
construction	merveilles17_imp_pie-guignard1668	tech60	ce Rondeau
construction	merveilles17_imp_pie-guignard1668	tech61	vn rocher
decor	merveilles17_imp_pie-guignard1668	tech62	vne Isle
animal	merveilles17_imp_pie-guignard1668	tech63	divers animaux
decor	merveilles17_imp_pie-guignard1668	tech64	Deux autres Isles
construction	merveilles17_imp_pie-guignard1668	tech65	Rondeau
lumieres	merveilles17_imp_pie-guignard1668	tech66	ces lumieres
decor	merveilles17_imp_pie-guignard1668	tech67	vne des deux Isles qui paroissoient aux costez de la premiere
construction	merveilles17_imp_pie-guignard1668	tech68	le rocher
machine_eau	merveilles17_imp_pie-guignard1668	tech69	Monstre Marin d’vne grandeur prodigieuse.
machine_eau	merveilles17_imp_pie-guignard1668	tech70	grãdes Baleines
construction	merveilles17_imp_pie-guignard1668	tech71	Rondeau
lumieres	merveilles17_imp_pie-guignard1668	tech72	deux flambeaux
bruitage	merveilles17_imp_pie-guignard1668	tech73	vn coup de tonnerre
lumieres	merveilles17_imp_pie-guignard1668	tech74	plusieurs éclairs
construction	merveilles17_imp_pie-guignard1668	tech75	Palais
feux-artifice	merveilles17_imp_pie-guignard1668	tech76	vn feu d’artifice
construction	merveilles17_imp_pie-guignard1668	tech77	Palais d’Alcine
machine_vol	merveilles17_imp_pie-guignard1668	tech78	fusées volantes
feux-artifice	merveilles17_imp_pie-guignard1668	tech79	Feu d’artifice
bruitage	merveilles17_imp_pie-guignard1668	tech80	vn bruit & vne lõgueur extraordinaire
construction	merveilles17_imp_pie-guignard1668	tech81	vn de ces Theatres doubles
construction	merveilles17_imp_pie-ir1673	tech1	De hautes toilles, des bastimens de bois
lumieres	merveilles17_imp_pie-ir1673	tech2	nombre prodigieux de flambeaux de cire blanche
lumieres	merveilles17_imp_pie-ir1673	tech3	quatre mille bougies
construction	merveilles17_imp_pie-ir1673	tech4	hautes palissades
construction	merveilles17_imp_pie-ir1673	tech5	quatre Portiques
costume	merveilles17_imp_pie-ir1673	tech6	vestu d’un habit à l’antique, couleur de feu en broderie d’argent
costume	merveilles17_imp_pie-ir1673	tech7	fort richement habillé de couleur de feu
costume	merveilles17_imp_pie-ir1673	tech8	habillé de sa livrée de toile d’argent enrichie d’or, avec les plumes incarnates & noires, & les rubans de mesme
costume	merveilles17_imp_pie-ir1673	tech9	couleur de Feu, argent & noir ; & le reste de la livrée semblable
costume	merveilles17_imp_pie-ir1673	tech10	habillez de satin couleur de feu, & argent ; leurs plumes de la mesme livrée, & les caparaçons de leurs chevaux couverts d’une pareille broderie, avec des Soleils d’or fort éclatans aux banderolles des Trompettes, & les couvertures des Tymballes.
costume	merveilles17_imp_pie-ir1673	tech11	armé à la Grecque d’une cuirasse de toile d’argent couverte de petites écailles d’or, aussi-bien que son bas de saye, & son Casque estoit orné d’un Dragon, & d’un grand nombre de plumes blanches, mêlées d’incarnat & de noir
animal	merveilles17_imp_pie-ir1673	tech12	cheval blanc, bardé de mesme
costume	merveilles17_imp_pie-ir1673	tech13	vestus comme les premiers
animal	merveilles17_imp_pie-ir1673	tech14	un des plus beaux chevaux du monde
costume	merveilles17_imp_pie-ir1673	tech15	le harnois, couleur de
costume	merveilles17_imp_pie-ir1673	tech16	armée à la façon des Grecs
costume	merveilles17_imp_pie-ir1673	tech17	une cuirasse de lame d’argent, couverte d’une riche broderie d’or & de diamans
costume	merveilles17_imp_pie-ir1673	tech18	son Casque tout couvert de plumes couleur de feu
costume	merveilles17_imp_pie-ir1673	tech19	un habit de cette couleur en broderie d’or & de geais. Ses plusmes, son cheval, & sa lance assortissoient à sa livrée
costume	merveilles17_imp_pie-ir1673	tech20	un habit de toile d’argent plusieurs rubis
animal	merveilles17_imp_pie-ir1673	tech21	un cheval blanc bardé de la mesme couleur
costume	merveilles17_imp_pie-ir1673	tech22	estoient vestus, l’un d’incarnat avec or et argent, & l’autre de vert, blanc et argent 
animal	merveilles17_imp_pie-ir1673	tech23	leurs cheuaux
costume	merveilles17_imp_pie-ir1673	tech24	le premier vestu d’incarnat & blanc; & l’autre de jaune, blanc & noir ; enrichis de broderie d’argent, leur livrée de mesme
costume	merveilles17_imp_pie-ir1673	tech25	L'un portoit le bleu & argent : & l’autre, le bleu, blanc, & noir avec or & argent : leurs plumes, & les harnois de leurs chevaux estoient de la mesme couleur, & d’une pareille richesse
costume	merveilles17_imp_pie-ir1673	tech26	ce premier portant la couleur de chair & argent; & l’autre, gris-de-lin, blanc & argent : toute leur livrée estant la plus riche, & la mieux assortie du monde
costume	merveilles17_imp_pie-ir1673	tech27	portant pour sa livrée la couleur de feu, blanc & argent. Un grand nombre de Diamans estoient attachez sur la magnifique broderie, dont sa cuirasse & son bas de saye estoient couverts ; son casque & le harnois de son cheval en estant aussi enrichis
machine_terre	merveilles17_imp_pie-ir1673	tech28	UN Char de dix-huit pieds de haut, de vingt-quatre de long, & de quinze de large, paroissoit en suite, éclatant d’or & de diverses couleurs
costume	merveilles17_imp_pie-ir1673	tech29	distinguez par de riches habits, & par ce qu’ils portoient à la main
costume	merveilles17_imp_pie-ir1673	tech30	orné de ce précieux métail estoit encore paré de diverses Fleurs, qui faisoient un des principaux ornemens de cét heureux Age
costume	merveilles17_imp_pie-ir1673	tech31	representé par un Guerrier d’un regard terrible, portant d’une main l’épée, & de l’autre le bouclier
decor	merveilles17_imp_pie-ir1673	tech32	Plusieurs autres grandes Figures de relief paroient les costez
machine_terre	merveilles17_imp_pie-ir1673	tech33	Char magnifique
decor	merveilles17_imp_pie-ir1673	tech34	Les Monstres Celestes, le Serpent Python, Daphné, Hyacinte, & les autres Figures qui conviennent à Apollon, avec un Atlas portant le Globe du Monde, y estoient aussi relevez d’une agréable sculpture
costume	merveilles17_imp_pie-ir1673	tech35	sa faux, ses aisles, & cette vieillesse décrepite
animal	merveilles17_imp_pie-ir1673	tech36	Quatre chevaux d’une taille et d’une beauté peu communes
costume	merveilles17_imp_pie-ir1673	tech37	couverts de grandes housses semées de Soleils d’or
machine_terre	merveilles17_imp_pie-ir1673	tech38	Machine
costume	merveilles17_imp_pie-ir1673	tech39	habillez fort superbement, comme les Poëtes les dépeignent
machine_terre	merveilles17_imp_pie-ir1673	tech40	Char
costume	merveilles17_imp_pie-ir1673	tech41	fort proprement vestus de leurs livrées, avec quantité de plumes, portant leurs lances & les Escus de leurs Devises
costume	merveilles17_imp_pie-ir1673	tech42	des vestes, couleur de feu, enrichies d’argent, & des coëffures de mesme
machine_terre	merveilles17_imp_pie-ir1673	tech43	Char
lumieres	merveilles17_imp_pie-ir1673	tech44	un nombre infini de lumiéres ayant éclairé tout ce beau lieu
musique	merveilles17_imp_pie-ir1673	tech45	le plus agréable concert du monde
animal	merveilles17_imp_pie-ir1673	tech46	un cheval d’Espagne
costume	merveilles17_imp_pie-ir1673	tech47	Son habit estoit vert en broderie d’argent, & de fleurs au naturel
animal	merveilles17_imp_pie-ir1673	tech48	un Eléphant
costume	merveilles17_imp_pie-ir1673	tech49	couvert d’une riche housse
costume	merveilles17_imp_pie-ir1673	tech50	aussi advantageusement vestuë
animal	merveilles17_imp_pie-ir1673	tech51	un Chameau.
animal	merveilles17_imp_pie-ir1673	tech52	un Ours
machine_vol	merveilles17_imp_pie-ir1673	tech53	Machine
construction	merveilles17_imp_pie-ir1673	tech54	un petit Theatre
construction	merveilles17_imp_pie-ir1673	tech55	hautes palissades
lumieres	merveilles17_imp_pie-ir1673	tech56	un nombre infini de Chandeliers peints de vert & d’argent, portans chacun vingt-quatre bougies
costume	merveilles17_imp_pie-ir1673	tech57	vestuës en Masques
costume	merveilles17_imp_pie-ir1673	tech58	Casques couverts de plumes de differentes couleurs, & leurs habits de la Course
construction	merveilles17_imp_pie-ir1673	tech59	vn autre rond environné de palissades
construction	merveilles17_imp_pie-ir1673	tech60	Palais d’Alcine
construction	merveilles17_imp_pie-ir1673	tech61	toilles, en si peu de temps qu’on avoit lieu de s’en étonner, tout ce rond, d’une espece de dome
lumieres	merveilles17_imp_pie-ir1673	tech62	grand nombre de Flambeaux & de Bougies
construction	merveilles17_imp_pie-ir1673	tech63	le Theatre
animal	merveilles17_imp_pie-ir1673	tech64	un Ours
animal	merveilles17_imp_pie-ir1673	tech65	l’Ours
animal	merveilles17_imp_pie-ir1673	tech66	l’Ours
animal	merveilles17_imp_pie-ir1673	tech67	un autre Ours
animal	merveilles17_imp_pie-ir1673	tech68	un des Ours
machine_musique	merveilles17_imp_pie-ir1673	tech69	machine
construction	merveilles17_imp_pie-ir1673	tech70	le Palais d’Alcine
construction	merveilles17_imp_pie-ir1673	tech71	un Rocher
decor	merveilles17_imp_pie-ir1673	tech72	Deux autres Isles plus longues
lumieres	merveilles17_imp_pie-ir1673	tech73	ces lumiéres
decor	merveilles17_imp_pie-ir1673	tech74	l’une des deux Isles qui paroissoient aux costez de la premiére
construction	merveilles17_imp_pie-ir1673	tech75	Rocher
machine_eau	merveilles17_imp_pie-ir1673	tech76	Monstre Marin d’une grandeur prodigieuse.
machine_eau	merveilles17_imp_pie-ir1673	tech77	grandes Baleines
lumieres	merveilles17_imp_pie-ir1673	tech78	deux flambeaux
bruitage	merveilles17_imp_pie-ir1673	tech79	un coup de Tonnerre
lumieres	merveilles17_imp_pie-ir1673	tech80	plusieurs éclairs
decor	merveilles17_imp_pie-ir1673	tech81	du Palais
feux-artifice	merveilles17_imp_pie-ir1673	tech82	Feu d’artifice
construction	merveilles17_imp_pie-ir1673	tech83	Palais d’AIcine
feux-artifice	merveilles17_imp_pie-ir1673	tech84	nombre des fusées volantes
feux-artifice	merveilles17_imp_pie-ir1673	tech85	Feu d’artifice
costume	merveilles17_ms_acflagrange_001	tech	des habitz qui estoient extraordinaires
construction	merveilles17_ms_amours-philidor	tech	Le Théatre
construction	merveilles17_ms_anmcrs388	tech1	theatre
construction	merveilles17_ms_anmcrs388	tech2	theatre
construction	merveilles17_ms_anmcrs388	tech3	pont de derriere
construction	merveilles17_ms_anmcrs388	tech4	deux de devant
decor	merveilles17_ms_anmcrs388	tech5	quatre rochers
construction	merveilles17_ms_anmcrs388	tech6	pont de derriere
construction	merveilles17_ms_anmcrs388	tech7	ponts de devant
decor	merveilles17_ms_anmcrs388	tech8	petits rochers
lumieres	merveilles17_ms_ano12984_001	tech1	cires blanches et jaulne
feux-artifice	merveilles17_ms_ano12984_001	tech2	feux d’artifices
feux-artifice	merveilles17_ms_ano12984_001	tech3	les feux d’artifices
machine	merveilles17_ms_ano12984_001	tech4	machines
feux-artifice	merveilles17_ms_ano12984_001	tech5	feu d’artifice
feux-artifice	merveilles17_ms_ano12984_001	tech6	vn feu d’artifice
musique	merveilles17_ms_bavmscheii38_257	tech1	d’airs muscicaux
machine_musique	merveilles17_ms_bavmscheii38_257	tech2	une machine
musique	merveilles17_ms_bavmscheii38_257	tech3	la contrebasse, de la viole, du violon et de la trompette et du tambourin
machine_musique	merveilles17_ms_bavmscheii38_257	tech4	La machine
machine	merveilles17_ms_bnfmsfr6143	tech1	de machines
lumieres	merveilles17_ms_bnfmsfr6143	tech2	quatre flambeaux de poing
costume	merveilles17_ms_bnfmsfr6143	tech3	la croix de diamants
musique	merveilles17_ms_pie-bizincourt_001	tech1	musique
machine_terre	merveilles17_ms_pie-bizincourt_001	tech2	vn Char
construction	merveilles17_ms_pie-bizincourt_001	tech3	vn des quatre Portiques
lumieres	merveilles17_ms_pie-bizincourt_001	tech4	nombre infiny de lumieres
animal	merveilles17_ms_pie-bizincourt_001	tech5	vn Cheval d’Espagne
animal	merveilles17_ms_pie-bizincourt_001	tech6	vn Elephant
animal	merveilles17_ms_pie-bizincourt_001	tech7	vn Chameau
animal	merveilles17_ms_pie-bizincourt_001	tech8	vn Ours
machine_vol	merveilles17_ms_pie-bizincourt_001	tech9	vne Machine portée en l’Air
musique	merveilles17_ms_pie-bizincourt_001	tech10	vn concert de Musique
animal	merveilles17_ms_pie-bizincourt_001	tech11	
construction	merveilles17_ms_pie-bizincourt_001	tech12	
costume	merveilles17_ms_pie-bizincourt_001	tech13	
animal	merveilles17_ms_pie-bizincourt_001	tech14	
costume	merveilles17_ms_pie-bizincourt_001	tech15	
animal	merveilles17_ms_pie-bizincourt_001	tech16	
machine_terre	merveilles17_ms_pie-bizincourt_001	tech17	
costume	merveilles17_ms_pie-bizincourt_001	tech18	
costume	merveilles17_ms_pie-bizincourt_001	tech19	
musique	merveilles17_ms_pie-bizincourt_001	tech20	
musique	merveilles17_ms_pie-bizincourt_001	tech21	
costume	merveilles17_ms_pie-bizincourt_001	tech22	
animal	merveilles17_ms_pie-bizincourt_001	tech23	
costume	merveilles17_ms_pie-bizincourt_001	tech24	
musique	merveilles17_ms_pie-bizincourt_001	tech25	
machine_vol	merveilles17_ms_pie-bizincourt_001	tech26	
construction	merveilles17_ms_pie-bizincourt_001	tech27	
feux-artifice	merveilles17_ms_pie-bizincourt_001	tech28	
costume	merveilles17_ms_pie-bizincourt_001	tech29	armez à la Grecques
musique	merveilles17_ms_pie-bizincourt_001	tech30	concerts
animal	merveilles17_ms_pie-bizincourt_001	tech31	vn Monstre marin
musique	merveilles17_ms_pie-bizincourt_001	tech32	vn Chœur de plusieurs Instrumens se fait entendre
decor	merveilles17_ms_pie-bizincourt_001	tech33	deux Îles situées aux deux cotez du Palais d’Alcine
musique	merveilles17_ms_pie-bizincourt_001	tech34	vne charmantte armonie
construction	merveilles17_ms_pie-bizincourt_001	tech35	le Palais
lumieres	merveilles17_ms_pie-bizincourt_001	tech36	deux flambeaux
construction	merveilles17_ms_pie-bizincourt_001	tech37	Palais
bruitage	merveilles17_ms_pie-bizincourt_001	tech38	vn coup de tonnerre
feux-artifice	merveilles17_ms_pie-bizincourt_001	tech39	plusieurs éclairs
construction	merveilles17_ms_pie-bizincourt_001	tech40	Palais
feux-artifice	merveilles17_ms_pie-bizincourt_001	tech41	feu d’artifice
musique	merveilles17_ms_pie-bizincourt_001	tech42	
construction	merveilles17_ms_pie-bizincourt_001	tech43	
animal	merveilles17_ms_pie-bizincourt_001	tech44	
costume	merveilles17_ms_pie-bizincourt_001	tech45	
eaux	merveilles17_ms_pie-bizincourt_001	tech46	
construction	merveilles17_ms_pie-philidor	tech1	De hautes toiles, des bastimens de bois
lumieres	merveilles17_ms_pie-philidor	tech2	vn nombre prodigieux de flambeaux de cire blanche
lumieres	merveilles17_ms_pie-philidor	tech3	quatre mille bougies
construction	merveilles17_ms_pie-philidor	tech4	hautes palissades
construction	merveilles17_ms_pie-philidor	tech5	quatre portiques
costume	merveilles17_ms_pie-philidor	tech6	vestu d’vn habit à l’antique
costume	merveilles17_ms_pie-philidor	tech7	armé à la Grecque
costume	merveilles17_ms_pie-philidor	tech8	armée à la façon des Grecs
machine_terre	merveilles17_ms_pie-philidor	tech9	Vn char
lumieres	merveilles17_ms_pie-philidor	tech10	brillante de lumieres
machine_temps	merveilles17_ms_pie-philidor	tech11	char
machine_temps	merveilles17_ms_pie-philidor	tech12	Char
animal	merveilles17_ms_pie-philidor	tech13	Quatre cheuaux d’vne taille, et d’vne beauté peu communes
machine_temps	merveilles17_ms_pie-philidor	tech14	Machine
costume	merveilles17_ms_pie-philidor	tech15	habillez fort superbement
machine_temps	merveilles17_ms_pie-philidor	tech16	char
costume	merveilles17_ms_pie-philidor	tech17	vetus de leurs liurées, auec quantité de plumes
machine_temps	merveilles17_ms_pie-philidor	tech18	char
lumieres	merveilles17_ms_pie-philidor	tech19	vn nombre Infiny de lumieres
animal	merveilles17_ms_pie-philidor	tech20	un cheual d’Espagne
costume	merveilles17_ms_pie-philidor	tech21	Son habit estoit vert en broderie d’argent, et de fleurs au naturel
animal	merveilles17_ms_pie-philidor	tech22	un Elephant
animal	merveilles17_ms_pie-philidor	tech23	vn Chameau
animal	merveilles17_ms_pie-philidor	tech24	vn Ours
costume	merveilles17_ms_pie-philidor	tech25	Vêtus d’habits conformes à cette profession, mais fort riches
machine_terre	merveilles17_ms_pie-philidor	tech26	vne machine
construction	merveilles17_ms_pie-philidor	tech27	Theatre
construction	merveilles17_ms_pie-philidor	tech28	hautes palissades
lumieres	merveilles17_ms_pie-philidor	tech29	Vn nombre infiny de chandeliers peints de vert, et d’argent, portant chacun vingt quatre bougies, et deux cens flambeaux de cire blanche
costume	merveilles17_ms_pie-philidor	tech30	auec leurs casques couuerts de plumes de differentes couleurs, et leurs habits de la Course
construction	merveilles17_ms_pie-philidor	tech31	Rondeau
construction	merveilles17_ms_pie-philidor	tech32	ce Rondeau
construction	merveilles17_ms_pie-philidor	tech33	vn Rocher
decor	merveilles17_ms_pie-philidor	tech34	vne Isle
animal	merveilles17_ms_pie-philidor	tech35	couuerte de diuers animaux, comme s’ils eussent voulu en défendre l’entrée.
decor	merveilles17_ms_pie-philidor	tech36	Deux autres Isles plus longues
construction	merveilles17_ms_pie-philidor	tech37	Rondeau
lumieres	merveilles17_ms_pie-philidor	tech38	ces lumieres
decor	merveilles17_ms_pie-philidor	tech39	vne des deux Isles qui paroissoient aux costez de la premiere
decor	merveilles17_ms_pie-philidor	tech40	L'autre qui estoit opposée
construction	merveilles17_ms_pie-philidor	tech41	le Rocher
machine_eau	merveilles17_ms_pie-philidor	tech42	grandes Balaines
construction	merveilles17_ms_pie-philidor	tech43	Rondeau
construction	merveilles17_ms_pie-philidor	tech44	Palais d’Alcine
construction	merveilles17_ms_pie-philidor	tech45	Palais d'Alcine
machine_vol	merveilles17_ms_pie-philidor	tech46	le nombre des fusées volantes
feux-artifice	merveilles17_ms_pie-philidor	tech47	feu d’artifice
bruitage	merveilles17_ms_pie-philidor	tech48	vn bruit, et vne longueur extraordinaire
construction	merveilles17_ms_pie-philidor	tech49	vn de ces Théatres doubles
